	Weekday	Hour	Temp	Rain	zipcode	count	rush
0	3	0	48	0.16	10016.0	4	False
1	3	0	49	0.24	10016.0	4	False
2	3	0	49	0.25	10016.0	4	False
3	3	0	49	0.26	10016.0	4	False
4	3	5	52	0.01	10018.0	5	False
5	3	5	52	0.01	10036.0	5	False
6	3	5	53	0.01	10018.0	5	False
7	3	5	53	0.01	10036.0	5	False
8	3	5	54	0.01	10018.0	5	False
9	3	5	54	0.01	10036.0	5	False
10	3	5	54	0.08	10018.0	5	False
11	3	5	54	0.08	10036.0	5	False
12	3	5	55	0.01	10018.0	5	False
13	3	5	55	0.01	10036.0	5	False
14	3	6	54	0.03	10021.0	3	False
15	3	6	54	0.03	11211.0	3	False
16	3	6	54	0.03	11215.0	3	False
17	3	6	55	0.02	10021.0	6	False
18	3	6	55	0.02	11211.0	6	False
19	3	6	55	0.02	11215.0	6	False
20	3	7	55	0	10018.0	4	True
21	3	7	55	0	10128.0	2	True
22	3	7	55	0	11103.0	2	True
23	3	7	56	0.01	10018.0	4	True
24	3	7	56	0.01	10128.0	2	True
25	3	7	56	0.01	11103.0	2	True
26	3	8	57	0	10021.0	2	True
27	3	8	57	0	10022.0	2	True
28	3	8	57	0	10025.0	2	True
29	3	8	57	0	10028.0	2	True
30	3	8	57	0	10034.0	2	True
31	3	8	57	0	10036.0	4	True
32	3	8	57	0.01	10021.0	2	True
33	3	8	57	0.01	10022.0	2	True
34	3	8	57	0.01	10025.0	2	True
35	3	8	57	0.01	10028.0	2	True
36	3	8	57	0.01	10034.0	2	True
37	3	8	57	0.01	10036.0	4	True
38	3	9	57	0	10001.0	2	True
39	3	9	57	0	10016.0	2	True
40	3	9	57	0	10022.0	4	True
41	3	9	57	0	10023.0	4	True
42	3	9	57	0	10028.0	4	True
43	3	9	58	0	10001.0	2	True
44	3	9	58	0	10016.0	2	True
45	3	9	58	0	10022.0	4	True
46	3	9	58	0	10023.0	4	True
47	3	9	58	0	10028.0	4	True
48	3	10	58	0	10023.0	1	True
49	3	10	58	0	10025.0	1	True
50	3	11	58	0	10013.0	1	False
51	3	11	58	0	10021.0	1	False
52	3	12	61	0	10010.0	1	False
53	3	12	61	0	11434.0	1	False
54	3	13	61	0	10022.0	2	False
55	3	13	62	0	10022.0	2	False
56	3	14	62	0	10022.0	8	False
57	3	14	62	0	10035.0	8	False
58	3	14	62	0	10036.0	8	False
59	3	14	62	0	11040.0	8	False
60	3	14	64	0	10022.0	8	False
61	3	14	64	0	10035.0	8	False
62	3	14	64	0	10036.0	8	False
63	3	14	64	0	11040.0	8	False
64	3	15	68	0	10009.0	1	False
65	3	15	68	0	10013.0	1	False
66	3	15	68	0	10018.0	1	False
67	3	16	71	0	10011.0	2	False
68	3	16	71	0	10016.0	1	False
69	3	16	71	0	10017.0	1	False
70	3	16	71	0	10018.0	1	False
71	3	16	71	0	10035.0	1	False
72	3	16	71	0	10036.0	1	False
73	3	16	71	0	11368.0	1	False
74	3	17	73	0	10003.0	1	False
75	3	17	73	0	10014.0	1	False
76	3	17	73	0	10016.0	2	False
77	3	17	73	0	10019.0	1	False
78	3	17	73	0	10022.0	1	False
79	3	18	76	0	10010.0	2	False
80	3	18	76	0	10011.0	1	False
81	3	18	76	0	10013.0	1	False
82	3	18	76	0	10019.0	1	False
83	3	18	76	0	10035.0	1	False
84	3	18	76	0	10037.0	1	False
85	3	18	76	0	10038.0	1	False
86	3	18	76	0	10128.0	1	False
87	3	19	77	0	10014.0	1	False
88	3	19	77	0	10038.0	1	False
89	3	19	77	0	10069.0	1	False
90	3	19	77	0	11434.0	1	False
91	3	20	76	0	10016.0	2	False
92	3	21	77	0	10021.0	1	False
93	3	21	77	0	10023.0	1	False
94	3	21	77	0	10111.0	1	False
95	3	21	77	0	11368.0	1	False
96	3	22	76	0	10001.0	1	False
97	3	22	76	0	10010.0	1	False
98	3	22	76	0	10013.0	1	False
99	3	22	76	0	10014.0	1	False
100	3	22	76	0	10018.0	1	False
101	3	22	76	0	11368.0	1	False
102	3	23	72	0	10003.0	1	False
103	3	23	72	0	10011.0	1	False
104	3	23	72	0	10013.0	1	False
105	3	23	72	0	10014.0	1	False
106	3	23	72	0	10021.0	2	False
107	3	23	72	0	11368.0	1	False
108	4	0	70	0	10002.0	1	False
109	4	0	70	0	10017.0	1	False
110	4	0	70	0	11368.0	1	False
111	4	1	71	0	10014.0	1	False
112	4	1	71	0	10017.0	1	False
113	4	3	65	0	10001.0	1	False
114	4	6	60	0	10014.0	1	False
115	4	7	58	0	10025.0	1	True
116	4	7	58	0	10128.0	1	True
117	4	8	56	0	10002.0	1	True
118	4	8	56	0	10003.0	1	True
119	4	8	56	0	10017.0	1	True
120	4	8	56	0	10025.0	1	True
121	4	8	56	0	10028.0	1	True
122	4	9	56	0	10013.0	1	True
123	4	9	56	0	10021.0	1	True
124	4	9	56	0	10022.0	1	True
125	4	9	56	0	10023.0	1	True
126	4	9	56	0	10025.0	1	True
127	4	9	56	0	10128.0	1	True
128	4	10	57	0	10023.0	1	True
129	4	10	57	0	10028.0	1	True
130	4	10	57	0	10111.0	1	True
131	4	11	58	0	10013.0	1	False
132	4	11	58	0	10014.0	1	False
133	4	11	58	0	10016.0	1	False
134	4	11	58	0	10018.0	1	False
135	4	12	59	0	10007.0	1	False
136	4	12	59	0	10023.0	1	False
137	4	13	62	0	10004.0	1	False
138	4	13	62	0	10017.0	1	False
139	4	13	62	0	10025.0	1	False
140	4	13	62	0	10034.0	1	False
141	4	13	62	0	10037.0	1	False
142	4	13	62	0	11434.0	1	False
143	4	14	64	0	10019.0	2	False
144	4	14	64	0	11105.0	1	False
145	4	14	64	0	11434.0	2	False
146	4	15	65	0	10017.0	1	False
147	4	15	65	0	10019.0	1	False
148	4	15	65	0	10025.0	1	False
149	4	15	65	0	10028.0	1	False
150	4	15	65	0	11201.0	1	False
151	4	16	66	0	10012.0	1	False
152	4	16	66	0	10019.0	2	False
153	4	16	66	0	10037.0	1	False
154	4	16	66	0	11434.0	1	False
155	4	17	66	0	10011.0	1	False
156	4	17	66	0	10019.0	1	False
157	4	17	66	0	10035.0	1	False
158	4	17	66	0	11368.0	1	False
159	4	18	69	0	10013.0	2	False
160	4	18	69	0	10036.0	1	False
161	4	18	69	0	10069.0	1	False
162	4	19	68	0	10004.0	1	False
163	4	19	68	0	10010.0	1	False
164	4	19	68	0	10018.0	1	False
165	4	19	68	0	10028.0	1	False
166	4	20	67	0	10001.0	1	False
167	4	20	67	0	10003.0	2	False
168	4	20	67	0	10011.0	1	False
169	4	20	67	0	10012.0	1	False
170	4	20	67	0	10019.0	1	False
171	4	21	67	0	10003.0	1	False
172	4	21	67	0	10009.0	1	False
173	4	21	67	0	10010.0	1	False
174	4	21	67	0	10011.0	1	False
175	4	21	67	0	11104.0	1	False
176	4	22	65	0	10001.0	1	False
177	4	22	65	0	10010.0	1	False
178	4	22	65	0	10019.0	1	False
179	4	22	65	0	10036.0	1	False
180	4	22	65	0	10280.0	1	False
181	4	22	65	0	11102.0	1	False
182	4	23	63	0	10003.0	1	False
183	4	23	63	0	10012.0	1	False
184	4	23	63	0	10018.0	1	False
185	4	23	63	0	10023.0	1	False
186	4	23	63	0	10036.0	1	False
187	4	23	63	0	10128.0	1	False
188	5	0	62	0	10011.0	1	False
189	5	0	62	0	10019.0	2	False
190	5	0	62	0	11215.0	1	False
191	5	1	61	0	10014.0	1	False
192	5	1	61	0	10017.0	1	False
193	5	1	61	0	10027.0	1	False
194	5	3	59	0	10001.0	1	False
195	5	3	59	0	10016.0	1	False
196	5	3	59	0	11211.0	1	False
197	5	4	59	0	10018.0	1	False
198	5	4	59	0	10019.0	1	False
199	5	5	57	0	10012.0	1	False
200	5	6	57	0	10003.0	1	False
201	5	7	57	0	10012.0	1	True
202	5	7	57	0	11374.0	1	True
203	5	8	56	0	10001.0	1	True
204	5	8	56	0	10003.0	1	True
205	5	8	56	0	10021.0	1	True
206	5	9	54	0	10011.0	1	True
207	5	9	54	0	10012.0	1	True
208	5	9	54	0	10016.0	1	True
209	5	9	54	0	10018.0	1	True
210	5	9	54	0	10021.0	1	True
211	5	9	54	0	10028.0	1	True
212	5	10	55	0	10011.0	1	True
213	5	10	55	0	10017.0	1	True
214	5	10	55	0	10035.0	1	True
215	5	11	57	0	10001.0	2	False
216	5	11	57	0	10003.0	1	False
217	5	11	57	0	10019.0	1	False
218	5	11	57	0	10023.0	1	False
219	5	12	60	0	10001.0	1	False
220	5	12	60	0	10011.0	1	False
221	5	12	60	0	10012.0	1	False
222	5	13	62	0	10016.0	1	False
223	5	14	64	0	10011.0	3	False
224	5	14	64	0	10017.0	1	False
225	5	14	64	0	10018.0	1	False
226	5	14	64	0	10021.0	1	False
227	5	14	64	0	10022.0	1	False
228	5	14	64	0	10024.0	1	False
229	5	14	64	0	10038.0	1	False
230	5	15	66	0	10011.0	2	False
231	5	15	66	0	10013.0	1	False
232	5	15	66	0	10022.0	1	False
233	5	15	66	0	10024.0	2	False
234	5	15	66	0	11213.0	1	False
235	5	15	66	0	11414.0	1	False
236	5	16	68	0	10001.0	2	False
237	5	16	68	0	10011.0	1	False
238	5	16	68	0	10019.0	1	False
239	5	16	68	0	10038.0	1	False
240	5	16	68	0	11211.0	1	False
241	5	17	70	0	10010.0	1	False
242	5	17	70	0	10011.0	1	False
243	5	17	70	0	10028.0	1	False
244	5	18	66	0	10011.0	1	False
245	5	18	66	0	10014.0	1	False
246	5	18	66	0	10282.0	1	False
247	5	19	67	0	10003.0	1	False
248	5	19	67	0	10023.0	1	False
249	5	20	66	0	10001.0	1	False
250	5	20	66	0	10013.0	1	False
251	5	20	66	0	10014.0	1	False
252	5	20	66	0	10017.0	1	False
253	5	20	66	0	10019.0	1	False
254	5	20	66	0	10021.0	1	False
255	5	20	66	0	10025.0	1	False
256	5	20	66	0	10038.0	1	False
257	5	21	65	0	10010.0	1	False
258	5	21	65	0	10014.0	1	False
259	5	21	65	0	10035.0	1	False
260	5	21	65	0	10036.0	1	False
261	5	22	64	0	10011.0	2	False
262	5	22	64	0	10014.0	1	False
263	5	22	64	0	11101.0	1	False
264	5	22	64	0	11201.0	1	False
265	5	23	57	0.03	10003.0	2	False
266	5	23	57	0.03	10009.0	2	False
267	5	23	57	0.03	10019.0	2	False
268	5	23	57	0.03	10027.0	2	False
269	5	23	57	0.03	10036.0	2	False
270	5	23	57	0.03	11211.0	2	False
271	5	23	59	0.06	10003.0	2	False
272	5	23	59	0.06	10009.0	2	False
273	5	23	59	0.06	10019.0	2	False
274	5	23	59	0.06	10027.0	2	False
275	5	23	59	0.06	10036.0	2	False
276	5	23	59	0.06	11211.0	2	False
277	6	0	54	0.01	10002.0	2	False
278	6	0	54	0.01	10006.0	2	False
279	6	0	54	0.01	10010.0	2	False
280	6	0	54	0.01	10016.0	2	False
281	6	0	57	0.07	10002.0	2	False
282	6	0	57	0.07	10006.0	2	False
283	6	0	57	0.07	10010.0	2	False
284	6	0	57	0.07	10016.0	2	False
285	6	1	56	0	10002.0	1	False
286	6	1	56	0	10003.0	1	False
287	6	1	56	0	10011.0	1	False
288	6	1	56	0	10024.0	1	False
289	6	1	56	0	11211.0	1	False
290	6	2	58	0	10001.0	1	False
291	6	2	58	0	10014.0	1	False
292	6	2	58	0	10019.0	2	False
293	6	3	56	0.01	10005.0	1	False
294	6	4	55	0	11211.0	1	False
295	6	7	56	0	10017.0	2	True
296	6	8	55	0	10006.0	1	True
297	6	8	55	0	10019.0	1	True
298	6	8	55	0	10035.0	1	True
299	6	9	54	0	10016.0	1	True
300	6	10	55	0	10016.0	1	True
301	6	10	55	0	10017.0	1	True
302	6	10	55	0	10025.0	1	True
303	6	11	57	0	10036.0	1	False
304	6	12	57	0	10019.0	1	False
305	6	12	57	0	10021.0	1	False
306	6	12	57	0	10022.0	1	False
307	6	12	57	0	10025.0	1	False
308	6	13	57	0	10032.0	1	False
309	6	13	57	0	11101.0	1	False
310	6	13	57	0	11368.0	1	False
311	6	14	59	0	10003.0	1	False
312	6	14	59	0	10006.0	1	False
313	6	14	59	0	10018.0	1	False
314	6	14	59	0	11231.0	1	False
315	6	15	61	0	10003.0	1	False
316	6	15	61	0	10022.0	1	False
317	6	15	61	0	10023.0	1	False
318	6	16	60	0	10001.0	1	False
319	6	16	60	0	10128.0	1	False
320	6	16	60	0	11105.0	1	False
321	6	17	59	0	10011.0	1	False
322	6	17	59	0	10012.0	1	False
323	6	17	59	0	10016.0	1	False
324	6	17	59	0	10023.0	1	False
325	6	18	62	0	10003.0	1	False
326	6	18	62	0	10021.0	1	False
327	6	18	62	0	10022.0	1	False
328	6	20	63	0	10029.0	1	False
329	6	20	63	0	11368.0	1	False
330	6	20	63	0	11434.0	1	False
331	6	21	58	0.02	10003.0	1	False
332	6	21	58	0.02	10011.0	1	False
333	6	21	58	0.02	11201.0	1	False
334	6	22	60	0	10014.0	1	False
335	6	22	60	0	10035.0	1	False
336	6	23	60	0	11206.0	1	False
337	6	23	60	0	11368.0	1	False
338	0	2	57	0	10011.0	2	False
339	0	2	57	0	10022.0	2	False
340	0	3	55	0	10010.0	1	False
341	0	5	53	0	10014.0	1	False
342	0	5	53	0	10029.0	1	False
343	0	6	52	0	10018.0	1	False
344	0	6	52	0	10019.0	1	False
345	0	6	52	0	10024.0	1	False
346	0	6	52	0	11105.0	1	False
347	0	6	52	0	11434.0	4	False
348	0	7	51	0	10010.0	2	True
349	0	7	51	0	10017.0	1	True
350	0	7	51	0	10025.0	1	True
351	0	7	51	0	11211.0	1	True
352	0	8	50	0	10016.0	1	True
353	0	9	50	0	10001.0	2	True
354	0	9	50	0	10003.0	1	True
355	0	9	50	0	10019.0	1	True
356	0	9	50	0	10023.0	1	True
357	0	10	50	0	10001.0	1	True
358	0	12	54	0	10021.0	1	False
359	0	12	54	0	11368.0	1	False
360	0	13	55	0	10019.0	1	False
361	0	13	55	0	10023.0	1	False
362	0	13	55	0	11221.0	1	False
363	0	14	59	0	10036.0	1	False
364	0	15	61	0	10001.0	1	False
365	0	15	61	0	10014.0	1	False
366	0	15	61	0	10021.0	1	False
367	0	16	63	0	10003.0	1	False
368	0	16	63	0	10018.0	1	False
369	0	16	63	0	10022.0	1	False
370	0	17	66	0	10006.0	1	False
371	0	17	66	0	10011.0	1	False
372	0	17	66	0	10014.0	1	False
373	0	17	66	0	10035.0	1	False
374	0	17	66	0	11222.0	1	False
375	0	18	68	0	10025.0	1	False
376	0	18	68	0	10037.0	1	False
377	0	19	69	0	10011.0	1	False
378	0	19	69	0	10012.0	1	False
379	0	19	69	0	10017.0	1	False
380	0	19	69	0	10018.0	1	False
381	0	20	68	0	10022.0	1	False
382	0	20	68	0	11217.0	1	False
383	0	21	67	0	10014.0	1	False
384	0	21	67	0	10024.0	1	False
385	0	21	67	0	10153.0	1	False
386	0	21	67	0	11238.0	1	False
387	0	22	66	0	10002.0	1	False
388	0	22	66	0	10003.0	1	False
389	0	22	66	0	10014.0	1	False
390	0	22	66	0	10023.0	1	False
391	0	23	65	0	10036.0	1	False
392	1	0	63	0	10012.0	1	False
393	1	0	63	0	10016.0	1	False
394	1	1	62	0	10019.0	1	False
395	1	1	62	0	10036.0	1	False
396	1	2	59	0	11217.0	1	False
397	1	3	58	0	10011.0	1	False
398	1	6	54	0	10013.0	1	False
399	1	6	54	0	10021.0	1	False
400	1	6	54	0	10023.0	1	False
401	1	7	53	0	10011.0	1	True
402	1	8	53	0	10003.0	2	True
403	1	8	53	0	10010.0	1	True
404	1	8	53	0	10019.0	3	True
405	1	8	53	0	10025.0	1	True
406	1	8	53	0	10037.0	1	True
407	1	8	53	0	10128.0	1	True
408	1	8	53	0	11237.0	1	True
409	1	9	52	0	10001.0	1	True
410	1	9	52	0	10014.0	1	True
411	1	9	52	0	10021.0	1	True
412	1	9	52	0	10022.0	1	True
413	1	10	53	0	10021.0	1	True
414	1	10	53	0	11434.0	4	True
415	1	11	55	0	10013.0	2	False
416	1	11	55	0	10014.0	1	False
417	1	11	55	0	10023.0	1	False
418	1	12	57	0	10016.0	1	False
419	1	12	57	0	10017.0	1	False
420	1	14	59	0	11217.0	1	False
421	1	15	61	0	10001.0	1	False
422	1	15	61	0	10003.0	1	False
423	1	15	61	0	11377.0	1	False
424	1	16	64	0	10017.0	1	False
425	1	16	64	0	10028.0	1	False
426	1	16	64	0	11225.0	1	False
427	1	17	69	0	10011.0	1	False
428	1	17	69	0	10454.0	1	False
429	1	18	70	0	10002.0	1	False
430	1	18	70	0	10007.0	1	False
431	1	18	70	0	10016.0	2	False
432	1	18	70	0	10019.0	1	False
433	1	18	70	0	10128.0	2	False
434	1	18	70	0	11368.0	1	False
435	1	19	69	0	10014.0	1	False
436	1	19	69	0	10017.0	1	False
437	1	19	69	0	10023.0	1	False
438	1	19	69	0	10028.0	1	False
439	1	19	69	0	11201.0	1	False
440	1	19	69	0	11434.0	1	False
441	1	20	69	0	10003.0	1	False
442	1	20	69	0	10019.0	1	False
443	1	20	69	0	10022.0	2	False
444	1	20	69	0	10025.0	1	False
445	1	20	69	0	10035.0	1	False
446	1	20	69	0	10036.0	1	False
447	1	21	67	0	10022.0	1	False
448	1	21	67	0	10128.0	1	False
449	1	22	65	0	10025.0	1	False
450	1	23	64	0	10028.0	1	False
451	2	1	61	0	10012.0	1	False
452	2	1	61	0	10017.0	1	False
453	2	2	59	0	10010.0	1	False
454	2	2	59	0	10016.0	1	False
455	2	5	54	0	10010.0	1	False
456	2	5	54	0	10024.0	1	False
457	2	6	53	0	10023.0	1	False
458	2	6	53	0	10025.0	1	False
459	2	6	53	0	11211.0	1	False
460	2	7	53	0	10010.0	1	True
461	2	7	53	0	10019.0	1	True
462	2	7	53	0	10037.0	1	True
463	2	8	52	0	10021.0	1	True
464	2	8	52	0	10023.0	1	True
465	2	8	52	0	10038.0	1	True
466	2	8	52	0	10069.0	1	True
467	2	8	52	0	11223.0	1	True
468	2	8	52	0	11368.0	1	True
469	2	9	50	0	10032.0	1	True
470	2	9	50	0	10038.0	1	True
471	2	9	50	0	10128.0	1	True
472	2	10	53	0	10019.0	1	True
473	2	10	53	0	10021.0	1	True
474	2	10	53	0	10022.0	1	True
475	2	10	53	0	10035.0	1	True
476	2	10	53	0	11368.0	2	True
477	2	11	54	0	10021.0	1	False
478	2	11	54	0	10036.0	1	False
479	2	12	56	0	10003.0	1	False
480	2	12	56	0	10018.0	1	False
481	2	14	61	0	10005.0	1	False
482	2	14	61	0	10018.0	1	False
483	2	14	61	0	10019.0	1	False
484	2	14	61	0	10027.0	1	False
485	2	15	63	0	10010.0	2	False
486	2	15	63	0	10011.0	1	False
487	2	15	63	0	10017.0	1	False
488	2	15	63	0	10019.0	1	False
489	2	15	63	0	10028.0	1	False
490	2	15	63	0	10036.0	1	False
491	2	16	67	0	10014.0	1	False
492	2	16	67	0	10028.0	1	False
493	2	16	67	0	10035.0	1	False
494	2	16	67	0	10038.0	1	False
495	2	17	67	0	10012.0	1	False
496	2	17	67	0	10023.0	1	False
497	2	17	67	0	11434.0	1	False
498	2	18	68	0	10017.0	1	False
499	2	19	67	0	10005.0	1	False
500	2	19	67	0	10010.0	2	False
501	2	19	67	0	10019.0	1	False
502	2	19	67	0	10022.0	1	False
503	2	19	67	0	10037.0	1	False
504	2	20	65	0	10025.0	1	False
505	2	21	61	0	10003.0	1	False
506	2	21	61	0	10013.0	1	False
507	2	21	61	0	10016.0	1	False
508	2	21	61	0	10021.0	1	False
509	2	22	59	0	10001.0	1	False
510	2	22	59	0	10013.0	1	False
511	2	22	59	0	10014.0	1	False
512	2	22	59	0	10016.0	1	False
513	2	23	60	0	10019.0	1	False
514	3	0	60	0	10001.0	1	False
515	3	0	60	0	10003.0	1	False
516	3	0	60	0	10007.0	1	False
517	3	1	60	0	10009.0	1	False
518	3	1	60	0	11201.0	1	False
519	3	6	53	0.04	10011.0	1	False
520	3	6	53	0.04	10025.0	1	False
521	3	6	53	0.04	11216.0	1	False
522	3	7	53	0.06	10021.0	2	True
523	3	7	53	0.06	10024.0	2	True
524	3	7	53	0.06	10036.0	2	True
525	3	7	53	0.06	11434.0	2	True
526	3	7	54	0.06	10021.0	2	True
527	3	7	54	0.06	10024.0	2	True
528	3	7	54	0.06	10036.0	2	True
529	3	7	54	0.06	11434.0	2	True
530	3	8	53	0	10025.0	4	True
531	3	8	53	0	10036.0	8	True
532	3	8	53	0	11217.0	4	True
533	3	8	53	0.06	10025.0	4	True
534	3	8	53	0.06	10036.0	8	True
535	3	8	53	0.06	11217.0	4	True
536	3	8	53	0.1	10025.0	4	True
537	3	8	53	0.1	10036.0	8	True
538	3	8	53	0.1	11217.0	4	True
539	3	8	54	0.09	10025.0	4	True
540	3	8	54	0.09	10036.0	8	True
541	3	8	54	0.09	11217.0	4	True
542	3	9	53	0.04	10011.0	3	True
543	3	9	53	0.04	10014.0	3	True
544	3	9	53	0.04	10036.0	3	True
545	3	9	53	0.04	10128.0	3	True
546	3	9	53	0.04	11205.0	3	True
547	3	9	54	0.06	10011.0	3	True
548	3	9	54	0.06	10014.0	3	True
549	3	9	54	0.06	10036.0	3	True
550	3	9	54	0.06	10128.0	3	True
551	3	9	54	0.06	11205.0	3	True
552	3	9	54	0.07	10011.0	3	True
553	3	9	54	0.07	10014.0	3	True
554	3	9	54	0.07	10036.0	3	True
555	3	9	54	0.07	10128.0	3	True
556	3	9	54	0.07	11205.0	3	True
557	3	10	54	0.01	10001.0	6	True
558	3	10	54	0.01	10018.0	3	True
559	3	10	54	0.01	11368.0	3	True
560	3	10	54	0.04	10001.0	12	True
561	3	10	54	0.04	10018.0	6	True
562	3	10	54	0.04	11368.0	6	True
563	3	11	54	0.01	10014.0	4	False
564	3	11	54	0.01	10017.0	4	False
565	3	11	54	0.01	10018.0	4	False
566	3	11	54	0.01	10019.0	4	False
567	3	11	54	0.01	10028.0	4	False
568	3	11	54	0.02	10014.0	8	False
569	3	11	54	0.02	10017.0	8	False
570	3	11	54	0.02	10018.0	8	False
571	3	11	54	0.02	10019.0	8	False
572	3	11	54	0.02	10028.0	8	False
573	3	11	54	0.04	10014.0	4	False
574	3	11	54	0.04	10017.0	4	False
575	3	11	54	0.04	10018.0	4	False
576	3	11	54	0.04	10019.0	4	False
577	3	11	54	0.04	10028.0	4	False
578	3	12	53	0.03	10001.0	2	False
579	3	12	53	0.03	10017.0	2	False
580	3	12	53	0.03	10019.0	2	False
581	3	12	54	0.04	10001.0	2	False
582	3	12	54	0.04	10017.0	2	False
583	3	12	54	0.04	10019.0	2	False
584	3	13	54	0.02	10013.0	1	False
585	3	13	54	0.02	10017.0	2	False
586	3	13	54	0.02	10019.0	1	False
587	3	13	54	0.02	10036.0	1	False
588	3	14	55	0.01	10001.0	1	False
589	3	14	55	0.01	10019.0	1	False
590	3	14	55	0.01	11201.0	1	False
591	3	15	56	0	10016.0	1	False
592	3	15	56	0	11221.0	1	False
593	3	15	56	0	11222.0	1	False
594	3	16	56	0	10001.0	1	False
595	3	16	56	0	10011.0	1	False
596	3	16	56	0	10014.0	1	False
597	3	16	56	0	10016.0	1	False
598	3	16	56	0	10017.0	1	False
599	3	16	56	0	10707.0	1	False
600	3	17	56	0	10002.0	1	False
601	3	17	56	0	10013.0	1	False
602	3	17	56	0	10018.0	1	False
603	3	17	56	0	10035.0	1	False
604	3	18	56	0	10003.0	1	False
605	3	18	56	0	10014.0	1	False
606	3	18	56	0	10019.0	1	False
607	3	18	56	0	10022.0	1	False
608	3	18	56	0	10024.0	1	False
609	3	18	56	0	10128.0	1	False
610	3	19	57	0	10001.0	2	False
611	3	19	57	0	10003.0	2	False
612	3	19	57	0	10022.0	1	False
613	3	19	57	0	10023.0	1	False
614	3	19	57	0	10028.0	2	False
615	3	19	57	0	10037.0	1	False
616	3	19	57	0	11377.0	1	False
617	3	19	57	0	11434.0	2	False
618	3	20	56	0	10011.0	1	False
619	3	20	56	0	10014.0	1	False
620	3	20	56	0	10016.0	1	False
621	3	20	56	0	10035.0	1	False
622	3	20	56	0	10111.0	1	False
623	3	20	56	0	11215.0	1	False
624	3	21	57	0	10021.0	2	False
625	3	21	57	0	10022.0	1	False
626	3	21	57	0	10037.0	1	False
627	3	21	57	0	10128.0	1	False
628	3	22	56	0	10014.0	1	False
629	3	22	56	0	10016.0	1	False
630	3	22	56	0	10022.0	1	False
631	3	22	56	0	10023.0	1	False
632	3	23	56	0	10010.0	1	False
633	3	23	56	0	10036.0	1	False
634	4	0	55	0	10022.0	2	False
635	4	0	55	0	10023.0	1	False
636	4	0	55	0	10035.0	1	False
637	4	0	55	0	11211.0	1	False
638	4	2	56	0	10002.0	1	False
639	4	2	56	0	10003.0	1	False
640	4	2	56	0	10014.0	1	False
641	4	5	56	0	10019.0	1	False
642	4	6	56	0.01	10010.0	1	False
643	4	6	56	0.01	10018.0	1	False
644	4	6	56	0.01	10023.0	1	False
645	4	7	55	0.03	10018.0	3	True
646	4	7	55	0.03	10019.0	3	True
647	4	7	55	0.03	11201.0	3	True
648	4	7	55	0.04	10018.0	6	True
649	4	7	55	0.04	10019.0	6	True
650	4	7	55	0.04	11201.0	6	True
651	4	8	55	0	10001.0	1	True
652	4	8	55	0	10003.0	1	True
653	4	8	55	0	10011.0	1	True
654	4	8	55	0	10013.0	1	True
655	4	8	55	0	10036.0	1	True
656	4	8	55	0	11368.0	1	True
657	4	8	55	0	11434.0	1	True
658	4	9	56	0	10011.0	1	True
659	4	9	56	0	10036.0	1	True
660	4	9	56	0	11434.0	1	True
661	4	10	55	0	10014.0	1	True
662	4	10	55	0	10022.0	3	True
663	4	10	55	0	10128.0	1	True
664	4	11	55	0	10001.0	1	False
665	4	11	55	0	10002.0	1	False
666	4	11	55	0	10025.0	1	False
667	4	12	56	0	10001.0	1	False
668	4	12	56	0	10017.0	1	False
669	4	12	56	0	10023.0	1	False
670	4	13	59	0	10011.0	1	False
671	4	14	60	0	10004.0	1	False
672	4	14	60	0	10023.0	1	False
673	4	14	60	0	10038.0	1	False
674	4	15	59	0	10013.0	1	False
675	4	15	59	0	10018.0	1	False
676	4	15	59	0	10019.0	1	False
677	4	15	59	0	10022.0	1	False
678	4	15	59	0	10028.0	1	False
679	4	15	59	0	10038.0	1	False
680	4	16	60	0	10005.0	1	False
681	4	16	60	0	10009.0	1	False
682	4	16	60	0	10014.0	1	False
683	4	16	60	0	10017.0	2	False
684	4	16	60	0	10028.0	3	False
685	4	16	60	0	10128.0	1	False
686	4	17	62	0	10007.0	1	False
687	4	17	62	0	10013.0	1	False
688	4	17	62	0	10022.0	1	False
689	4	17	62	0	10128.0	1	False
690	4	18	60	0	10001.0	3	False
691	4	18	60	0	10002.0	1	False
692	4	18	60	0	10023.0	1	False
693	4	18	60	0	10024.0	1	False
694	4	19	61	0	10003.0	1	False
695	4	19	61	0	10019.0	1	False
696	4	19	61	0	10025.0	1	False
697	4	19	61	0	11218.0	1	False
698	4	20	62	0	10011.0	1	False
699	4	20	62	0	10016.0	1	False
700	4	20	62	0	10019.0	1	False
701	4	20	62	0	10282.0	1	False
702	4	20	62	0	11201.0	1	False
703	4	21	62	0	10003.0	1	False
704	4	21	62	0	10022.0	1	False
705	4	22	62	0	10001.0	1	False
706	4	22	62	0	10009.0	1	False
707	4	22	62	0	10011.0	1	False
708	4	22	62	0	10018.0	1	False
709	4	22	62	0	10036.0	2	False
710	4	22	62	0	11222.0	1	False
711	4	23	62	0	10001.0	1	False
712	4	23	62	0	10011.0	1	False
713	4	23	62	0	10014.0	1	False
714	4	23	62	0	10016.0	1	False
715	4	23	62	0	11206.0	1	False
716	5	0	62	0	10003.0	1	False
717	5	0	62	0	11206.0	1	False
718	5	0	62	0	11211.0	1	False
719	5	1	62	0	10014.0	1	False
720	5	1	62	0	10016.0	1	False
721	5	1	62	0	10019.0	1	False
722	5	1	62	0	11211.0	1	False
723	5	2	62	0	10014.0	1	False
724	5	2	62	0	11237.0	1	False
725	5	3	62	0	10014.0	1	False
726	5	3	62	0	10016.0	1	False
727	5	4	61	0	10018.0	1	False
728	5	5	60	0	10023.0	1	False
729	5	7	57	0	11221.0	1	True
730	5	8	58	0	10001.0	1	True
731	5	9	60	0	10003.0	1	True
732	5	9	60	0	10021.0	1	True
733	5	9	60	0	10023.0	1	True
734	5	9	60	0	10128.0	1	True
735	5	10	60	0	10017.0	1	True
736	5	10	60	0	10019.0	1	True
737	5	10	60	0	10031.0	1	True
738	5	10	60	0	10036.0	1	True
739	5	11	61	0	10001.0	1	False
740	5	11	61	0	10003.0	1	False
741	5	11	61	0	10016.0	1	False
742	5	11	61	0	10029.0	1	False
743	5	12	63	0	10003.0	1	False
744	5	12	63	0	10013.0	1	False
745	5	12	63	0	10019.0	1	False
746	5	12	63	0	10280.0	1	False
747	5	13	65	0	10012.0	1	False
748	5	14	70	0	10001.0	1	False
749	5	14	70	0	10002.0	1	False
750	5	14	70	0	10006.0	1	False
751	5	14	70	0	10011.0	1	False
752	5	14	70	0	10037.0	1	False
753	5	14	70	0	11103.0	1	False
754	5	15	75	0	10021.0	2	False
755	5	15	75	0	10022.0	1	False
756	5	15	75	0	10035.0	1	False
757	5	15	75	0	10453.0	1	False
758	5	15	75	0	11226.0	1	False
759	5	16	80	0	10003.0	1	False
760	5	16	80	0	10014.0	1	False
761	5	16	80	0	10017.0	1	False
762	5	16	80	0	10019.0	1	False
763	5	16	80	0	10022.0	2	False
764	5	16	80	0	11215.0	1	False
765	5	17	82	0	10011.0	1	False
766	5	17	82	0	10014.0	1	False
767	5	17	82	0	10016.0	1	False
768	5	17	82	0	10021.0	1	False
769	5	18	73	0.03	10003.0	1	False
770	5	18	73	0.03	11201.0	1	False
771	5	18	73	0.03	11231.0	1	False
772	5	18	73	0.03	11434.0	1	False
773	5	19	76	0	10012.0	1	False
774	5	19	76	0	10019.0	1	False
775	5	19	76	0	10023.0	1	False
776	5	19	76	0	11434.0	1	False
777	5	21	65	0.21	10001.0	4	False
778	5	21	65	0.21	10002.0	4	False
779	5	21	65	0.21	11102.0	4	False
780	5	21	65	0.21	11206.0	4	False
781	5	21	65	0.25	10001.0	4	False
782	5	21	65	0.25	10002.0	4	False
783	5	21	65	0.25	11102.0	4	False
784	5	21	65	0.25	11206.0	4	False
785	5	21	66	0.01	10001.0	4	False
786	5	21	66	0.01	10002.0	4	False
787	5	21	66	0.01	11102.0	4	False
788	5	21	66	0.01	11206.0	4	False
789	5	21	67	0.26	10001.0	4	False
790	5	21	67	0.26	10002.0	4	False
791	5	21	67	0.26	11102.0	4	False
792	5	21	67	0.26	11206.0	4	False
793	5	22	69	0	10003.0	1	False
794	5	22	69	0	10014.0	1	False
795	5	22	69	0	10019.0	1	False
796	5	23	69	0	10002.0	2	False
797	5	23	69	0	10013.0	1	False
798	5	23	69	0	10018.0	1	False
799	5	23	69	0	10025.0	1	False
800	6	0	68	0	10007.0	1	False
801	6	0	68	0	10016.0	1	False
802	6	1	68	0	10001.0	2	False
803	6	1	68	0	10002.0	1	False
804	6	1	68	0	10014.0	1	False
805	6	1	68	0	10018.0	1	False
806	6	2	68	0	10001.0	1	False
807	6	2	68	0	10014.0	1	False
808	6	2	68	0	10037.0	1	False
809	6	3	66	0	10002.0	1	False
810	6	4	64	0.06	10003.0	1	False
811	6	4	64	0.06	10021.0	1	False
812	6	4	64	0.06	10029.0	1	False
813	6	5	63	0.01	10019.0	2	False
814	6	7	63	0	10025.0	1	True
815	6	7	63	0	10036.0	1	True
816	6	10	61	0	10024.0	1	True
817	6	11	63	0	10003.0	1	False
818	6	11	63	0	10022.0	1	False
819	6	11	63	0	10282.0	1	False
820	6	11	63	0	11215.0	1	False
821	6	12	65	0	10010.0	1	False
822	6	12	65	0	10016.0	1	False
823	6	12	65	0	11203.0	1	False
824	6	12	65	0	11434.0	2	False
825	6	13	68	0	10009.0	1	False
826	6	13	68	0	11368.0	1	False
827	6	13	68	0	11375.0	1	False
828	6	15	74	0	10029.0	1	False
829	6	15	74	0	10037.0	1	False
830	6	17	78	0	10014.0	1	False
831	6	17	78	0	10023.0	1	False
832	6	17	78	0	10037.0	1	False
833	6	18	79	0	10011.0	1	False
834	6	19	81	0	10001.0	1	False
835	6	19	81	0	10010.0	1	False
836	6	19	81	0	10011.0	1	False
837	6	19	81	0	10038.0	1	False
838	6	19	81	0	11201.0	1	False
839	6	20	80	0	10017.0	1	False
840	6	20	80	0	11434.0	1	False
841	6	21	80	0	10024.0	1	False
842	6	21	80	0	10025.0	1	False
843	6	21	80	0	11368.0	1	False
844	6	23	77	0	10013.0	1	False
845	0	0	73	0	10003.0	1	False
846	0	1	74	0	11222.0	1	False
847	0	4	69	0	10036.0	1	False
848	0	5	69	0	10003.0	1	False
849	0	5	69	0	11377.0	1	False
850	0	6	68	0	10038.0	1	False
851	0	6	68	0	11377.0	1	False
852	0	7	67	0	10010.0	1	True
853	0	7	67	0	10028.0	1	True
854	0	7	67	0	11211.0	1	True
855	0	8	65	0	10280.0	1	True
856	0	9	65	0	10010.0	2	True
857	0	9	65	0	10013.0	1	True
858	0	9	65	0	10014.0	1	True
859	0	9	65	0	10036.0	1	True
860	0	10	67	0	10019.0	1	True
861	0	10	67	0	10024.0	1	True
862	0	11	67	0	10001.0	1	False
863	0	11	67	0	10019.0	1	False
864	0	11	67	0	10036.0	1	False
865	0	13	74	0	10016.0	1	False
866	0	13	74	0	10037.0	1	False
867	0	15	81	0	10002.0	1	False
868	0	15	81	0	10011.0	1	False
869	0	15	81	0	10012.0	2	False
870	0	15	81	0	10014.0	1	False
871	0	15	81	0	10016.0	1	False
872	0	15	81	0	10017.0	1	False
873	0	15	81	0	11223.0	1	False
874	0	16	84	0	10003.0	1	False
875	0	17	81	0	10001.0	1	False
876	0	17	81	0	10002.0	1	False
877	0	17	81	0	10021.0	1	False
878	0	17	81	0	10022.0	2	False
879	0	17	81	0	10025.0	1	False
880	0	18	82	0	10003.0	1	False
881	0	18	82	0	10019.0	1	False
882	0	18	82	0	10021.0	1	False
883	0	18	82	0	10024.0	1	False
884	0	19	79	0	10011.0	1	False
885	0	20	79	0	10004.0	1	False
886	0	20	79	0	10023.0	1	False
887	0	20	79	0	10035.0	1	False
888	0	20	79	0	10128.0	1	False
889	0	21	78	0	10012.0	1	False
890	0	21	78	0	10014.0	1	False
891	0	21	78	0	10022.0	1	False
892	0	22	78	0	10012.0	1	False
893	0	22	78	0	10016.0	1	False
894	0	22	78	0	10019.0	1	False
895	0	22	78	0	10036.0	1	False
896	0	23	78	0	10021.0	2	False
897	1	0	76	0	10019.0	1	False
898	1	0	76	0	10022.0	1	False
899	1	2	75	0	10012.0	1	False
900	1	6	71	0	10019.0	1	False
901	1	7	69	0	10003.0	1	True
902	1	8	69	0	10002.0	1	True
903	1	9	68	0	10011.0	1	True
904	1	9	68	0	10014.0	1	True
905	1	9	68	0	10022.0	1	True
906	1	9	68	0	10280.0	1	True
907	1	10	61	0	10001.0	1	True
908	1	10	61	0	10035.0	1	True
909	1	11	60	0	10019.0	1	False
910	1	11	60	0	10024.0	1	False
911	1	11	60	0	10025.0	1	False
912	1	12	61	0	10018.0	1	False
913	1	12	61	0	10027.0	1	False
914	1	13	62	0	10017.0	2	False
915	1	13	62	0	10025.0	1	False
916	1	13	62	0	10037.0	1	False
917	1	14	64	0	10003.0	1	False
918	1	14	64	0	10019.0	1	False
919	1	14	64	0	10023.0	1	False
920	1	14	64	0	10036.0	1	False
921	1	14	64	0	11217.0	1	False
922	1	15	67	0	10003.0	1	False
923	1	15	67	0	10011.0	2	False
924	1	15	67	0	10013.0	1	False
925	1	15	67	0	10016.0	1	False
926	1	15	67	0	10017.0	1	False
927	1	15	67	0	10018.0	1	False
928	1	15	67	0	10019.0	2	False
929	1	15	67	0	10128.0	1	False
930	1	15	67	0	11434.0	1	False
931	1	16	69	0	10006.0	1	False
932	1	16	69	0	10018.0	1	False
933	1	16	69	0	10037.0	1	False
934	1	17	71	0	10004.0	1	False
935	1	17	71	0	10012.0	1	False
936	1	17	71	0	10028.0	1	False
937	1	17	71	0	11226.0	1	False
938	1	18	69	0	10016.0	1	False
939	1	19	69	0	10013.0	1	False
940	1	19	69	0	10016.0	1	False
941	1	19	69	0	10022.0	1	False
942	1	19	69	0	10032.0	1	False
943	1	19	69	0	10036.0	2	False
944	1	19	69	0	10037.0	1	False
945	1	19	69	0	11434.0	1	False
946	1	20	70	0	10013.0	2	False
947	1	20	70	0	11434.0	4	False
948	1	21	69	0	10001.0	1	False
949	1	21	69	0	10013.0	1	False
950	1	22	66	0	10001.0	2	False
951	1	22	66	0	10009.0	1	False
952	1	22	66	0	10011.0	1	False
953	1	22	66	0	11238.0	1	False
954	1	23	61	0	10001.0	2	False
955	1	23	61	0	10018.0	1	False
956	1	23	61	0	10019.0	2	False
957	1	23	61	0	10036.0	1	False
958	2	0	58	0	10011.0	1	False
959	2	0	58	0	10019.0	1	False
960	2	4	53	0	10012.0	1	False
961	2	6	53	0	10003.0	1	False
962	2	6	53	0	10021.0	1	False
963	2	6	53	0	10022.0	1	False
964	2	6	53	0	11216.0	1	False
965	2	7	52	0	10003.0	4	True
966	2	7	52	0	10010.0	1	True
967	2	7	52	0	11203.0	1	True
968	2	8	52	0	10003.0	2	True
969	2	8	52	0	10013.0	1	True
970	2	8	52	0	10018.0	1	True
971	2	8	52	0	10021.0	1	True
972	2	8	52	0	10038.0	1	True
973	2	9	52	0	10019.0	1	True
974	2	10	52	0	10016.0	1	True
975	2	10	52	0	10021.0	1	True
976	2	10	52	0	11219.0	1	True
977	2	11	53	0	10001.0	1	False
978	2	11	53	0	10013.0	1	False
979	2	11	53	0	10028.0	1	False
980	2	12	54	0	10021.0	1	False
981	2	12	54	0	10022.0	1	False
982	2	12	54	0	11368.0	1	False
983	2	13	58	0	10012.0	1	False
984	2	13	58	0	10017.0	1	False
985	2	13	58	0	10019.0	1	False
986	2	13	58	0	10025.0	1	False
987	2	14	61	0	10003.0	1	False
988	2	14	61	0	10012.0	1	False
989	2	14	61	0	10016.0	2	False
990	2	14	61	0	10017.0	1	False
991	2	14	61	0	10018.0	1	False
992	2	14	61	0	10022.0	1	False
993	2	15	64	0	10018.0	1	False
994	2	15	64	0	10022.0	1	False
995	2	16	68	0	10013.0	1	False
996	2	16	68	0	10017.0	1	False
997	2	17	70	0	10001.0	1	False
998	2	17	70	0	10007.0	1	False
999	2	17	70	0	10010.0	1	False
1000	2	17	70	0	10012.0	1	False
1001	2	17	70	0	10014.0	1	False
1002	2	17	70	0	10036.0	1	False
1003	2	18	67	0	10019.0	1	False
1004	2	18	67	0	10128.0	1	False
1005	2	19	63	0	10028.0	1	False
1006	2	20	64	0	10012.0	1	False
1007	2	20	64	0	10017.0	1	False
1008	2	20	64	0	10018.0	1	False
1009	2	20	64	0	10022.0	1	False
1010	2	21	63	0	10011.0	1	False
1011	2	21	63	0	10023.0	1	False
1012	2	22	62	0	10012.0	2	False
1013	2	22	62	0	10016.0	2	False
1014	2	22	62	0	10038.0	1	False
1015	2	23	61	0	10003.0	1	False
1016	2	23	61	0	10038.0	1	False
1017	3	0	61	0	10001.0	1	False
1018	3	0	61	0	10028.0	1	False
1019	3	1	59	0	10024.0	1	False
1020	3	2	60	0	10009.0	1	False
1021	3	2	60	0	10014.0	1	False
1022	3	5	59	0	10013.0	3	False
1023	3	5	59	0	11105.0	3	False
1024	3	5	59	0	11238.0	3	False
1025	3	5	59	0.01	10013.0	6	False
1026	3	5	59	0.01	11105.0	6	False
1027	3	5	59	0.01	11238.0	6	False
1028	3	6	58	0.01	10012.0	9	False
1029	3	7	59	0.02	10003.0	6	True
1030	3	7	59	0.02	10012.0	6	True
1031	3	7	59	0.02	10016.0	6	True
1032	3	7	59	0.02	10028.0	6	True
1033	3	7	59	0.02	11434.0	6	True
1034	3	7	59	0.04	10003.0	3	True
1035	3	7	59	0.04	10012.0	3	True
1036	3	7	59	0.04	10016.0	3	True
1037	3	7	59	0.04	10028.0	3	True
1038	3	7	59	0.04	11434.0	3	True
1039	3	8	58	0.01	10001.0	3	True
1040	3	8	58	0.01	10016.0	3	True
1041	3	8	58	0.01	10019.0	3	True
1042	3	8	58	0.01	10036.0	3	True
1043	3	8	58	0.01	11201.0	3	True
1044	3	8	58	0.01	11434.0	3	True
1045	3	8	59	0	10001.0	3	True
1046	3	8	59	0	10016.0	3	True
1047	3	8	59	0	10019.0	3	True
1048	3	8	59	0	10036.0	3	True
1049	3	8	59	0	11201.0	3	True
1050	3	8	59	0	11434.0	3	True
1051	3	8	59	0.01	10001.0	3	True
1052	3	8	59	0.01	10016.0	3	True
1053	3	8	59	0.01	10019.0	3	True
1054	3	8	59	0.01	10036.0	3	True
1055	3	8	59	0.01	11201.0	3	True
1056	3	8	59	0.01	11434.0	3	True
1057	3	9	60	0	10021.0	3	True
1058	3	9	60	0	11756.0	3	True
1059	3	9	60	0.01	10021.0	3	True
1060	3	9	60	0.01	11756.0	3	True
1061	3	9	61	0.02	10021.0	3	True
1062	3	9	61	0.02	11756.0	3	True
1063	3	10	62	0	10016.0	1	True
1064	3	11	62	0.01	10019.0	3	False
1065	3	11	62	0.04	10019.0	3	False
1066	3	11	63	0.04	10019.0	3	False
1067	3	12	64	0	10009.0	1	False
1068	3	12	64	0	10011.0	1	False
1069	3	12	64	0	10013.0	1	False
1070	3	13	64	0	10016.0	1	False
1071	3	13	64	0	10036.0	1	False
1072	3	13	64	0	10282.0	1	False
1073	3	14	65	0	10019.0	1	False
1074	3	14	65	0	10021.0	1	False
1075	3	14	65	0	10022.0	1	False
1076	3	14	65	0	10035.0	1	False
1077	3	15	64	0.02	10001.0	2	False
1078	3	15	64	0.02	10010.0	2	False
1079	3	15	64	0.02	10011.0	4	False
1080	3	15	64	0.02	10013.0	2	False
1081	3	15	65	0.02	10001.0	2	False
1082	3	15	65	0.02	10010.0	2	False
1083	3	15	65	0.02	10011.0	4	False
1084	3	15	65	0.02	10013.0	2	False
1085	3	16	64	0.04	10001.0	6	False
1086	3	16	64	0.04	10016.0	6	False
1087	3	16	64	0.04	10017.0	6	False
1088	3	16	64	0.04	10023.0	6	False
1089	3	16	64	0.04	11434.0	6	False
1090	3	16	65	0.02	10001.0	3	False
1091	3	16	65	0.02	10016.0	3	False
1092	3	16	65	0.02	10017.0	3	False
1093	3	16	65	0.02	10023.0	3	False
1094	3	16	65	0.02	11434.0	3	False
1095	3	17	65	0	10001.0	1	False
1096	3	17	65	0	10018.0	1	False
1097	3	17	65	0	10019.0	2	False
1098	3	17	65	0	10028.0	1	False
1099	3	18	67	0	10002.0	1	False
1100	3	18	67	0	10011.0	1	False
1101	3	18	67	0	10028.0	1	False
1102	3	19	69	0	10001.0	1	False
1103	3	19	69	0	10009.0	1	False
1104	3	19	69	0	10023.0	1	False
1105	3	20	71	0	10013.0	1	False
1106	3	20	71	0	10014.0	1	False
1107	3	21	68	0	10003.0	1	False
1108	3	21	68	0	10010.0	1	False
1109	3	21	68	0	10027.0	1	False
1110	3	21	68	0	10037.0	1	False
1111	3	22	66	0	10001.0	1	False
1112	3	22	66	0	10003.0	1	False
1113	3	22	66	0	10022.0	1	False
1114	3	23	65	0	10011.0	1	False
1115	3	23	65	0	10013.0	1	False
1116	4	0	65	0	10012.0	1	False
1117	4	0	65	0	10014.0	1	False
1118	4	0	65	0	10016.0	1	False
1119	4	0	65	0	10027.0	1	False
1120	4	1	66	0	10002.0	2	False
1121	4	1	66	0	10011.0	1	False
1122	4	2	66	0	10001.0	1	False
1123	4	2	66	0	10003.0	1	False
1124	4	5	65	0.01	10003.0	1	False
1125	4	6	65	0.01	11222.0	1	False
1126	4	7	65	0.01	10016.0	1	True
1127	4	7	65	0.01	10022.0	1	True
1128	4	7	65	0.01	10128.0	1	True
1129	4	8	64	0	10019.0	1	True
1130	4	8	64	0	10028.0	1	True
1131	4	9	65	0	10069.0	1	True
1132	4	10	65	0	10022.0	1	True
1133	4	10	65	0	10025.0	1	True
1134	4	10	65	0	10035.0	1	True
1135	4	11	66	0	10017.0	1	False
1136	4	11	66	0	10022.0	1	False
1137	4	11	66	0	11231.0	1	False
1138	4	12	66	0	10002.0	1	False
1139	4	12	66	0	10003.0	2	False
1140	4	12	66	0	10022.0	1	False
1141	4	13	67	0	10021.0	1	False
1142	4	13	67	0	10025.0	1	False
1143	4	14	67	0	10010.0	1	False
1144	4	14	67	0	10011.0	1	False
1145	4	14	67	0	10016.0	1	False
1146	4	14	67	0	10022.0	1	False
1147	4	14	67	0	10025.0	1	False
1148	4	14	67	0	10128.0	1	False
1149	4	15	66	0	10001.0	1	False
1150	4	15	66	0	10011.0	1	False
1151	4	15	66	0	10012.0	2	False
1152	4	15	66	0	10028.0	1	False
1153	4	16	68	0	10010.0	1	False
1154	4	16	68	0	10011.0	1	False
1155	4	16	68	0	10019.0	1	False
1156	4	16	68	0	10022.0	1	False
1157	4	16	68	0	10028.0	1	False
1158	4	17	67	0.01	10010.0	1	False
1159	4	17	67	0.01	10014.0	2	False
1160	4	17	67	0.01	10016.0	1	False
1161	4	17	67	0.01	10021.0	1	False
1162	4	17	67	0.01	11205.0	1	False
1163	4	18	67	0.03	10001.0	1	False
1164	4	18	67	0.03	10010.0	1	False
1165	4	18	67	0.03	10016.0	1	False
1166	4	18	67	0.03	10021.0	2	False
1167	4	18	67	0.03	10024.0	1	False
1168	4	19	66	0.01	10003.0	2	False
1169	4	19	66	0.01	10011.0	2	False
1170	4	19	66	0.01	10016.0	6	False
1171	4	19	66	0.01	10036.0	4	False
1172	4	19	66	0.01	10128.0	2	False
1173	4	19	66	0.01	11201.0	2	False
1174	4	19	66	0.01	11236.0	2	False
1175	4	19	67	0.01	10003.0	2	False
1176	4	19	67	0.01	10011.0	2	False
1177	4	19	67	0.01	10016.0	6	False
1178	4	19	67	0.01	10036.0	4	False
1179	4	19	67	0.01	10128.0	2	False
1180	4	19	67	0.01	11201.0	2	False
1181	4	19	67	0.01	11236.0	2	False
1182	4	20	67	0.01	10001.0	1	False
1183	4	20	67	0.01	10003.0	1	False
1184	4	20	67	0.01	10014.0	1	False
1185	4	20	67	0.01	10016.0	1	False
1186	4	20	67	0.01	10019.0	1	False
1187	4	20	67	0.01	10026.0	1	False
1188	4	20	67	0.01	10029.0	2	False
1189	4	20	67	0.01	10128.0	1	False
1190	4	20	67	0.01	11434.0	1	False
1191	4	21	67	0.01	10003.0	3	False
1192	4	21	67	0.01	10012.0	3	False
1193	4	21	67	0.01	10014.0	6	False
1194	4	21	67	0.01	10016.0	6	False
1195	4	21	67	0.01	10017.0	3	False
1196	4	21	67	0.01	10028.0	3	False
1197	4	21	67	0.01	10029.0	3	False
1198	4	21	67	0.01	10035.0	3	False
1199	4	21	67	0.01	10036.0	3	False
1200	4	21	67	0.01	11434.0	3	False
1201	4	21	67	0.04	10003.0	6	False
1202	4	21	67	0.04	10012.0	6	False
1203	4	21	67	0.04	10014.0	12	False
1204	4	21	67	0.04	10016.0	12	False
1205	4	21	67	0.04	10017.0	6	False
1206	4	21	67	0.04	10028.0	6	False
1207	4	21	67	0.04	10029.0	6	False
1208	4	21	67	0.04	10035.0	6	False
1209	4	21	67	0.04	10036.0	6	False
1210	4	21	67	0.04	11434.0	6	False
1211	4	22	66	0.01	10002.0	12	False
1212	4	22	66	0.01	10011.0	6	False
1213	4	22	66	0.01	10012.0	6	False
1214	4	22	66	0.01	10014.0	6	False
1215	4	22	66	0.01	10023.0	6	False
1216	4	22	66	0.01	10036.0	6	False
1217	4	22	66	0.01	11222.0	6	False
1218	4	22	67	0.01	10002.0	6	False
1219	4	22	67	0.01	10011.0	3	False
1220	4	22	67	0.01	10012.0	3	False
1221	4	22	67	0.01	10014.0	3	False
1222	4	22	67	0.01	10023.0	3	False
1223	4	22	67	0.01	10036.0	3	False
1224	4	22	67	0.01	11222.0	3	False
1225	4	23	63	0.01	10001.0	1	False
1226	4	23	63	0.01	10003.0	1	False
1227	4	23	63	0.01	10069.0	1	False
1228	5	0	63	0.04	10012.0	2	False
1229	5	0	63	0.04	10014.0	2	False
1230	5	0	63	0.04	10019.0	2	False
1231	5	0	63	0.04	11368.0	2	False
1232	5	0	64	0.15	10012.0	2	False
1233	5	0	64	0.15	10014.0	2	False
1234	5	0	64	0.15	10019.0	2	False
1235	5	0	64	0.15	11368.0	2	False
1236	5	1	64	0.06	10003.0	4	False
1237	5	1	64	0.06	10012.0	4	False
1238	5	1	64	0.06	10019.0	4	False
1239	5	1	64	0.06	10035.0	4	False
1240	5	1	64	0.21	10003.0	4	False
1241	5	1	64	0.21	10012.0	4	False
1242	5	1	64	0.21	10019.0	4	False
1243	5	1	64	0.21	10035.0	4	False
1244	5	1	65	0.21	10003.0	4	False
1245	5	1	65	0.21	10012.0	4	False
1246	5	1	65	0.21	10019.0	4	False
1247	5	1	65	0.21	10035.0	4	False
1248	5	1	65	0.22	10003.0	4	False
1249	5	1	65	0.22	10012.0	4	False
1250	5	1	65	0.22	10019.0	4	False
1251	5	1	65	0.22	10035.0	4	False
1252	5	2	63	0.01	10007.0	3	False
1253	5	2	63	0.01	10017.0	3	False
1254	5	2	63	0.01	11233.0	3	False
1255	5	2	63	0.17	10007.0	3	False
1256	5	2	63	0.17	10017.0	3	False
1257	5	2	63	0.17	11233.0	3	False
1258	5	2	64	1	10007.0	3	False
1259	5	2	64	1	10017.0	3	False
1260	5	2	64	1	11233.0	3	False
1261	5	4	59	0	10001.0	1	False
1262	5	7	56	0	10005.0	1	True
1263	5	7	56	0	11434.0	1	True
1264	5	9	54	0	10014.0	1	True
1265	5	9	54	0	11369.0	1	True
1266	5	10	53	0	10001.0	1	True
1267	5	10	53	0	10010.0	1	True
1268	5	10	53	0	10012.0	1	True
1269	5	10	53	0	10014.0	2	True
1270	5	10	53	0	10026.0	1	True
1271	5	10	53	0	10128.0	1	True
1272	5	12	57	0	10003.0	2	False
1273	5	12	57	0	10021.0	1	False
1274	5	12	57	0	10024.0	1	False
1275	5	12	57	0	10028.0	1	False
1276	5	12	57	0	10036.0	1	False
1277	5	12	57	0	11434.0	1	False
1278	5	13	59	0	10010.0	1	False
1279	5	13	59	0	10468.0	1	False
1280	5	13	59	0	11221.0	1	False
1281	5	14	62	0	10014.0	1	False
1282	5	14	62	0	10018.0	1	False
1283	5	14	62	0	11205.0	1	False
1284	5	14	62	0	11206.0	1	False
1285	5	14	62	0	11215.0	1	False
1286	5	14	62	0	11238.0	1	False
1287	5	15	66	0	10001.0	1	False
1288	5	15	66	0	10007.0	1	False
1289	5	15	66	0	10021.0	1	False
1290	5	15	66	0	10022.0	1	False
1291	5	15	66	0	11201.0	1	False
1292	5	16	67	0	10009.0	1	False
1293	5	16	67	0	10012.0	1	False
1294	5	16	67	0	10019.0	1	False
1295	5	16	67	0	10021.0	1	False
1296	5	16	67	0	10022.0	1	False
1297	5	16	67	0	10128.0	1	False
1298	5	17	68	0	10002.0	1	False
1299	5	17	68	0	10011.0	1	False
1300	5	17	68	0	10023.0	1	False
1301	5	17	68	0	10024.0	1	False
1302	5	17	68	0	10128.0	2	False
1303	5	18	68	0	10001.0	1	False
1304	5	18	68	0	10002.0	1	False
1305	5	18	68	0	10012.0	1	False
1306	5	18	68	0	10036.0	1	False
1307	5	18	68	0	10038.0	1	False
1308	5	19	66	0	10009.0	1	False
1309	5	20	69	0	10001.0	1	False
1310	5	20	69	0	10014.0	1	False
1311	5	20	69	0	10036.0	1	False
1312	5	20	69	0	11205.0	1	False
1313	5	21	68	0	10128.0	2	False
1314	5	21	68	0	11231.0	1	False
1315	5	22	66	0	10021.0	1	False
1316	5	22	66	0	10036.0	1	False
1317	5	23	64	0	10011.0	1	False
1318	5	23	64	0	10013.0	1	False
1319	6	0	63	0	10002.0	1	False
1320	6	0	63	0	10003.0	2	False
1321	6	0	63	0	10009.0	1	False
1322	6	0	63	0	10010.0	1	False
1323	6	0	63	0	10011.0	1	False
1324	6	0	63	0	10017.0	1	False
1325	6	0	63	0	10019.0	1	False
1326	6	0	63	0	10022.0	1	False
1327	6	0	63	0	10028.0	1	False
1328	6	0	63	0	11203.0	1	False
1329	6	1	63	0	10001.0	1	False
1330	6	1	63	0	10003.0	1	False
1331	6	2	62	0	10035.0	1	False
1332	6	3	61	0	10019.0	1	False
1333	6	4	59	0	10011.0	1	False
1334	6	4	59	0	10013.0	1	False
1335	6	4	59	0	10016.0	1	False
1336	6	4	59	0	10018.0	1	False
1337	6	5	57	0	10023.0	1	False
1338	6	5	57	0	11217.0	1	False
1339	6	6	56	0	10022.0	1	False
1340	6	6	56	0	10023.0	1	False
1341	6	7	54	0	10016.0	1	True
1342	6	7	54	0	10025.0	1	True
1343	6	8	52	0	10017.0	1	True
1344	6	8	52	0	11205.0	1	True
1345	6	9	53	0	10017.0	2	True
1346	6	10	54	0	10019.0	1	True
1347	6	10	54	0	10028.0	1	True
1348	6	11	55	0	10019.0	1	False
1349	6	12	56	0	10001.0	2	False
1350	6	12	56	0	10013.0	1	False
1351	6	13	59	0	10007.0	1	False
1352	6	13	59	0	10024.0	1	False
1353	6	13	59	0	10025.0	1	False
1354	6	13	59	0	11368.0	1	False
1355	6	13	59	0	11559.0	1	False
1356	6	14	61	0	10012.0	1	False
1357	6	14	61	0	10020.0	1	False
1358	6	14	61	0	10028.0	1	False
1359	6	15	64	0	10021.0	1	False
1360	6	15	64	0	10022.0	1	False
1361	6	15	64	0	11368.0	1	False
1362	6	16	64	0	10011.0	1	False
1363	6	16	64	0	10036.0	1	False
1364	6	16	64	0	10280.0	1	False
1365	6	16	64	0	11368.0	1	False
1366	6	17	65	0	10019.0	1	False
1367	6	17	65	0	11368.0	1	False
1368	6	18	65	0	10001.0	1	False
1369	6	19	63	0	10001.0	2	False
1370	6	19	63	0	10024.0	1	False
1371	6	19	63	0	10451.0	1	False
1372	6	20	64	0	10011.0	1	False
1373	6	20	64	0	10019.0	1	False
1374	6	20	64	0	10024.0	1	False
1375	6	20	64	0	11434.0	1	False
1376	6	21	64	0	10036.0	1	False
1377	6	22	63	0	10012.0	1	False
1378	6	23	62	0	10003.0	1	False
1379	6	23	62	0	10014.0	1	False
1380	6	23	62	0	10021.0	1	False
1381	6	23	62	0	10022.0	1	False
1382	0	0	61	0	10001.0	1	False
1383	0	0	61	0	10003.0	1	False
1384	0	1	59	0	10011.0	1	False
1385	0	1	59	0	10014.0	1	False
1386	0	1	59	0	11221.0	1	False
1387	0	5	54	0	10023.0	1	False
1388	0	5	54	0	10025.0	1	False
1389	0	6	53	0	10007.0	1	False
1390	0	6	53	0	11104.0	1	False
1391	0	6	53	0	11211.0	1	False
1392	0	7	50	0	10010.0	1	True
1393	0	7	50	0	10022.0	1	True
1394	0	7	50	0	10030.0	1	True
1395	0	7	50	0	10128.0	1	True
1396	0	8	51	0	10009.0	1	True
1397	0	8	51	0	10011.0	1	True
1398	0	8	51	0	10013.0	1	True
1399	0	8	51	0	10014.0	1	True
1400	0	8	51	0	10019.0	1	True
1401	0	8	51	0	11368.0	2	True
1402	0	9	50	0	10022.0	1	True
1403	0	9	50	0	10282.0	1	True
1404	0	10	51	0	10034.0	1	True
1405	0	11	53	0	10001.0	1	False
1406	0	11	53	0	10025.0	1	False
1407	0	11	53	0	10036.0	1	False
1408	0	11	53	0	11434.0	1	False
1409	0	12	57	0	10001.0	1	False
1410	0	12	57	0	10009.0	1	False
1411	0	12	57	0	10010.0	1	False
1412	0	12	57	0	10016.0	1	False
1413	0	12	57	0	11368.0	1	False
1414	0	13	60	0	10006.0	1	False
1415	0	14	63	0	10003.0	2	False
1416	0	14	63	0	10013.0	2	False
1417	0	14	63	0	10022.0	1	False
1418	0	14	63	0	10023.0	1	False
1419	0	14	63	0	10025.0	1	False
1420	0	14	63	0	11215.0	1	False
1421	0	15	66	0	10016.0	1	False
1422	0	15	66	0	10017.0	1	False
1423	0	16	68	0	10001.0	1	False
1424	0	16	68	0	10013.0	1	False
1425	0	16	68	0	10028.0	1	False
1426	0	17	70	0	10014.0	1	False
1427	0	17	70	0	10023.0	1	False
1428	0	18	70	0	10021.0	1	False
1429	0	18	70	0	10022.0	1	False
1430	0	19	70	0	10002.0	1	False
1431	0	19	70	0	10014.0	1	False
1432	0	19	70	0	10035.0	1	False
1433	0	19	70	0	10128.0	1	False
1434	0	19	70	0	11434.0	1	False
1435	0	20	69	0	10009.0	1	False
1436	0	20	69	0	10010.0	1	False
1437	0	20	69	0	10012.0	1	False
1438	0	20	69	0	10021.0	2	False
1439	0	21	70	0	10012.0	1	False
1440	0	21	70	0	11201.0	1	False
1441	0	22	67	0	10010.0	1	False
1442	0	22	67	0	10019.0	1	False
1443	0	23	66	0	10014.0	1	False
1444	0	23	66	0	11201.0	1	False
1445	1	0	65	0	10014.0	1	False
1446	1	3	59	0	10003.0	1	False
1447	1	4	59	0	10016.0	1	False
1448	1	4	59	0	10023.0	1	False
1449	1	5	57	0	10007.0	1	False
1450	1	5	57	0	10009.0	1	False
1451	1	7	57	0	10010.0	1	True
1452	1	7	57	0	10016.0	1	True
1453	1	7	57	0	10025.0	1	True
1454	1	8	56	0	10017.0	1	True
1455	1	8	56	0	10022.0	1	True
1456	1	9	55	0	10037.0	1	True
1457	1	10	55	0	10002.0	1	True
1458	1	10	55	0	10013.0	1	True
1459	1	10	55	0	10021.0	1	True
1460	1	10	55	0	10025.0	2	True
1461	1	10	55	0	11220.0	1	True
1462	1	11	59	0	10001.0	1	False
1463	1	11	59	0	10016.0	1	False
1464	1	11	59	0	10017.0	1	False
1465	1	11	59	0	10021.0	1	False
1466	1	11	59	0	10023.0	1	False
1467	1	11	59	0	10128.0	1	False
1468	1	12	63	0	10011.0	1	False
1469	1	12	63	0	10021.0	1	False
1470	1	12	63	0	11221.0	1	False
1471	1	13	67	0	10001.0	1	False
1472	1	13	67	0	10012.0	1	False
1473	1	13	67	0	10017.0	1	False
1474	1	13	67	0	10028.0	1	False
1475	1	13	67	0	10030.0	1	False
1476	1	13	67	0	11368.0	1	False
1477	1	14	71	0	10009.0	1	False
1478	1	14	71	0	10011.0	1	False
1479	1	14	71	0	10022.0	1	False
1480	1	14	71	0	10036.0	1	False
1481	1	14	71	0	10128.0	1	False
1482	1	14	71	0	11434.0	1	False
1483	1	15	74	0	10009.0	1	False
1484	1	15	74	0	10013.0	1	False
1485	1	15	74	0	10037.0	1	False
1486	1	16	76	0	10011.0	1	False
1487	1	16	76	0	10021.0	1	False
1488	1	17	76	0	10013.0	1	False
1489	1	18	77	0	10013.0	1	False
1490	1	18	77	0	10014.0	1	False
1491	1	18	77	0	10017.0	1	False
1492	1	18	77	0	10019.0	2	False
1493	1	19	78	0	10003.0	1	False
1494	1	19	78	0	10010.0	1	False
1495	1	19	78	0	10012.0	1	False
1496	1	19	78	0	10013.0	2	False
1497	1	19	78	0	10016.0	1	False
1498	1	19	78	0	10019.0	2	False
1499	1	19	78	0	10022.0	1	False
1500	1	19	78	0	10028.0	1	False
1501	1	20	78	0	10003.0	1	False
1502	1	20	78	0	10019.0	1	False
1503	1	21	77	0	10003.0	1	False
1504	1	21	77	0	10011.0	1	False
1505	1	21	77	0	10013.0	1	False
1506	1	21	77	0	10019.0	1	False
1507	1	22	75	0	10003.0	2	False
1508	1	22	75	0	10005.0	1	False
1509	1	22	75	0	10014.0	1	False
1510	1	22	75	0	10021.0	1	False
1511	1	22	75	0	10036.0	1	False
1512	1	22	75	0	10037.0	1	False
1513	1	22	75	0	10282.0	1	False
1514	1	23	75	0	10002.0	1	False
1515	1	23	75	0	10017.0	1	False
1516	2	0	73	0	11230.0	1	False
1517	2	0	73	0	11434.0	1	False
1518	2	1	72	0	10001.0	1	False
1519	2	5	68	0	10014.0	1	False
1520	2	5	68	0	11375.0	1	False
1521	2	6	67	0	10003.0	1	False
1522	2	6	67	0	10021.0	1	False
1523	2	6	67	0	10036.0	1	False
1524	2	6	67	0	10038.0	1	False
1525	2	6	67	0	10040.0	1	False
1526	2	6	67	0	11205.0	1	False
1527	2	6	67	0	11434.0	1	False
1528	2	7	67	0	10001.0	1	True
1529	2	7	67	0	10011.0	1	True
1530	2	7	67	0	10023.0	1	True
1531	2	7	67	0	10037.0	1	True
1532	2	8	65	0	10028.0	1	True
1533	2	8	65	0	10036.0	1	True
1534	2	8	65	0	11201.0	1	True
1535	2	9	64	0	10016.0	1	True
1536	2	9	64	0	10019.0	1	True
1537	2	9	64	0	10025.0	1	True
1538	2	9	64	0	11369.0	1	True
1539	2	10	64	0	10013.0	1	True
1540	2	10	64	0	10023.0	1	True
1541	2	10	64	0	10458.0	1	True
1542	2	10	64	0	11233.0	1	True
1543	2	11	66	0	10027.0	1	False
1544	2	12	68	0	10013.0	1	False
1545	2	12	68	0	10036.0	1	False
1546	2	12	68	0	11435.0	1	False
1547	2	13	70	0	10011.0	1	False
1548	2	13	70	0	10027.0	1	False
1549	2	13	70	0	11368.0	1	False
1550	2	14	71	0	10003.0	2	False
1551	2	14	71	0	10012.0	2	False
1552	2	14	71	0	10013.0	1	False
1553	2	14	71	0	10019.0	1	False
1554	2	14	71	0	10036.0	1	False
1555	2	14	71	0	11434.0	1	False
1556	2	15	71	0	10011.0	1	False
1557	2	15	71	0	10016.0	1	False
1558	2	15	71	0	10022.0	1	False
1559	2	16	71	0	10012.0	1	False
1560	2	16	71	0	10017.0	2	False
1561	2	16	71	0	10019.0	1	False
1562	2	17	72	0	10001.0	1	False
1563	2	17	72	0	10013.0	1	False
1564	2	17	72	0	10016.0	1	False
1565	2	17	72	0	10017.0	1	False
1566	2	17	72	0	10019.0	1	False
1567	2	17	72	0	10023.0	1	False
1568	2	17	72	0	10024.0	1	False
1569	2	17	72	0	10025.0	1	False
1570	2	17	72	0	10035.0	1	False
1571	2	18	73	0	10011.0	2	False
1572	2	18	73	0	10017.0	1	False
1573	2	18	73	0	10021.0	1	False
1574	2	18	73	0	10022.0	1	False
1575	2	18	73	0	10024.0	1	False
1576	2	18	73	0	10028.0	1	False
1577	2	18	73	0	11368.0	1	False
1578	2	19	73	0	10002.0	1	False
1579	2	19	73	0	10010.0	1	False
1580	2	19	73	0	10021.0	1	False
1581	2	19	73	0	10022.0	1	False
1582	2	19	73	0	10024.0	1	False
1583	2	19	73	0	11231.0	1	False
1584	2	20	73	0	10023.0	1	False
1585	2	20	73	0	10036.0	1	False
1586	2	21	71	0	10011.0	1	False
1587	2	21	71	0	10014.0	1	False
1588	2	21	71	0	10021.0	1	False
1589	2	21	71	0	10036.0	1	False
1590	2	21	71	0	11205.0	1	False
1591	2	22	71	0	10019.0	1	False
1592	2	22	71	0	10025.0	1	False
1593	2	22	71	0	11226.0	1	False
1594	2	23	69	0	10014.0	1	False
1595	2	23	69	0	10019.0	1	False
1596	3	0	68	0	10002.0	1	False
1597	3	1	66	0	10001.0	1	False
1598	3	4	66	0	10019.0	1	False
1599	3	5	66	0	10024.0	1	False
1600	3	6	66	0	10001.0	1	False
1601	3	6	66	0	10018.0	1	False
1602	3	6	66	0	10019.0	1	False
1603	3	6	66	0	10028.0	1	False
1604	3	7	62	0.07	10019.0	3	True
1605	3	7	62	0.11	10019.0	3	True
1606	3	7	63	0.02	10019.0	3	True
1607	3	8	62	0.07	10005.0	1	True
1608	3	8	62	0.07	10014.0	1	True
1609	3	9	62	0	10018.0	1	True
1610	3	9	62	0	10025.0	1	True
1611	3	10	62	0	10010.0	2	True
1612	3	10	62	0	10011.0	2	True
1613	3	10	62	0	10025.0	2	True
1614	3	10	62	0.04	10010.0	2	True
1615	3	10	62	0.04	10011.0	2	True
1616	3	10	62	0.04	10025.0	2	True
1617	3	11	61	0	10011.0	1	False
1618	3	11	61	0	10021.0	1	False
1619	3	11	61	0	10022.0	1	False
1620	3	12	60	0	10001.0	1	False
1621	3	12	60	0	10022.0	2	False
1622	3	12	60	0	10024.0	1	False
1623	3	12	60	0	10036.0	1	False
1624	3	12	60	0	11238.0	1	False
1625	3	13	60	0	10010.0	1	False
1626	3	14	61	0	10028.0	1	False
1627	3	15	61	0	10001.0	1	False
1628	3	15	61	0	10014.0	2	False
1629	3	15	61	0	10018.0	1	False
1630	3	15	61	0	10024.0	1	False
1631	3	16	61	0	10017.0	1	False
1632	3	16	61	0	10018.0	1	False
1633	3	16	61	0	10019.0	1	False
1634	3	16	61	0	11217.0	1	False
1635	3	17	60	0	10003.0	1	False
1636	3	17	60	0	10018.0	1	False
1637	3	17	60	0	10023.0	1	False
1638	3	17	60	0	10025.0	1	False
1639	3	17	60	0	10037.0	1	False
1640	3	17	60	0	10040.0	1	False
1641	3	17	60	0	10128.0	1	False
1642	3	17	60	0	11225.0	1	False
1643	3	18	61	0	10001.0	1	False
1644	3	18	61	0	10003.0	1	False
1645	3	18	61	0	10007.0	1	False
1646	3	18	61	0	10014.0	1	False
1647	3	18	61	0	10017.0	1	False
1648	3	18	61	0	10018.0	1	False
1649	3	18	61	0	10019.0	2	False
1650	3	18	61	0	10022.0	2	False
1651	3	18	61	0	11211.0	1	False
1652	3	19	61	0	10017.0	1	False
1653	3	19	61	0	10036.0	1	False
1654	3	19	61	0	11368.0	1	False
1655	3	20	62	0	10009.0	1	False
1656	3	20	62	0	10011.0	1	False
1657	3	20	62	0	10014.0	1	False
1658	3	20	62	0	10019.0	1	False
1659	3	20	62	0	11216.0	1	False
1660	3	21	63	0	10016.0	1	False
1661	3	21	63	0	10019.0	1	False
1662	3	21	63	0	10022.0	2	False
1663	3	21	63	0	10027.0	1	False
1664	3	21	63	0	10028.0	1	False
1665	3	21	63	0	10036.0	1	False
1666	3	22	61	0.01	10011.0	3	False
1667	3	22	61	0.01	10017.0	3	False
1668	3	22	61	0.01	10018.0	3	False
1669	3	22	61	0.01	10019.0	3	False
1670	3	22	61	0.01	10036.0	3	False
1671	3	22	61	0.01	11103.0	3	False
1672	3	22	61	0.02	10011.0	6	False
1673	3	22	61	0.02	10017.0	6	False
1674	3	22	61	0.02	10018.0	6	False
1675	3	22	61	0.02	10019.0	6	False
1676	3	22	61	0.02	10036.0	6	False
1677	3	22	61	0.02	11103.0	6	False
1678	3	23	60	0	10019.0	2	False
1679	3	23	60	0	10023.0	1	False
1680	3	23	60	0	11209.0	1	False
1681	4	0	60	0	10012.0	1	False
1682	4	0	60	0	10023.0	1	False
1683	4	1	60	0	10019.0	3	False
1684	4	2	60	0	10001.0	20	False
1685	4	2	60	0	10011.0	20	False
1686	4	2	60	0	10018.0	20	False
1687	4	2	61	0	10001.0	5	False
1688	4	2	61	0	10011.0	5	False
1689	4	2	61	0	10018.0	5	False
1690	4	4	60	0	10036.0	1	False
1691	4	4	60	0	10153.0	1	False
1692	4	5	60	0	10036.0	2	False
1693	4	6	59	0	10009.0	1	False
1694	4	6	59	0	10016.0	1	False
1695	4	6	59	0	10018.0	1	False
1696	4	6	59	0	10028.0	1	False
1697	4	6	59	0	10038.0	1	False
1698	4	6	59	0	10044.0	1	False
1699	4	7	59	0	10014.0	1	True
1700	4	7	59	0	10016.0	1	True
1701	4	7	59	0	10029.0	1	True
1702	4	8	59	0	10001.0	2	True
1703	4	8	59	0	10013.0	1	True
1704	4	8	59	0	10014.0	1	True
1705	4	8	59	0	10029.0	1	True
1706	4	9	59	0	10007.0	1	True
1707	4	9	59	0	10014.0	1	True
1708	4	9	59	0	10022.0	1	True
1709	4	9	59	0	10023.0	1	True
1710	4	10	60	0	10016.0	1	True
1711	4	10	60	0	10022.0	1	True
1712	4	11	60	0	10007.0	1	False
1713	4	11	60	0	10019.0	2	False
1714	4	11	60	0	10025.0	1	False
1715	4	11	60	0	11205.0	1	False
1716	4	12	62	0	10128.0	1	False
1717	4	12	62	0	11530.0	1	False
1718	4	13	63	0	10003.0	1	False
1719	4	13	63	0	10018.0	1	False
1720	4	13	63	0	10019.0	1	False
1721	4	13	63	0	10025.0	1	False
1722	4	13	63	0	11434.0	1	False
1723	4	14	63	0	10010.0	1	False
1724	4	14	63	0	10014.0	1	False
1725	4	14	63	0	10016.0	1	False
1726	4	14	63	0	10019.0	1	False
1727	4	14	63	0	10029.0	1	False
1728	4	15	67	0	10006.0	1	False
1729	4	15	67	0	10007.0	1	False
1730	4	15	67	0	10022.0	1	False
1731	4	15	67	0	10036.0	1	False
1732	4	16	68	0	10009.0	1	False
1733	4	16	68	0	10019.0	1	False
1734	4	16	68	0	10037.0	1	False
1735	4	16	68	0	11434.0	1	False
1736	4	17	67	0	10014.0	1	False
1737	4	17	67	0	10022.0	1	False
1738	4	17	67	0	10036.0	1	False
1739	4	18	67	0	10003.0	1	False
1740	4	18	67	0	10010.0	1	False
1741	4	18	67	0	10013.0	1	False
1742	4	18	67	0	10025.0	1	False
1743	4	18	67	0	11201.0	1	False
1744	4	18	67	0	11215.0	1	False
1745	4	18	67	0	11226.0	1	False
1746	4	18	67	0	11370.0	1	False
1747	4	18	67	0	11434.0	1	False
1748	4	19	67	0	10006.0	1	False
1749	4	19	67	0	10009.0	1	False
1750	4	19	67	0	10010.0	1	False
1751	4	19	67	0	10011.0	1	False
1752	4	19	67	0	10029.0	1	False
1753	4	19	67	0	11368.0	1	False
1754	4	20	64	0.01	10001.0	1	False
1755	4	20	64	0.01	10011.0	2	False
1756	4	20	64	0.01	10013.0	1	False
1757	4	20	64	0.01	10025.0	1	False
1758	4	20	64	0.01	10028.0	1	False
1759	4	20	64	0.01	11211.0	1	False
1760	4	21	63	0.01	10014.0	6	False
1761	4	21	63	0.01	10019.0	3	False
1762	4	21	63	0.01	10023.0	3	False
1763	4	21	63	0.01	10026.0	3	False
1764	4	21	63	0.01	10029.0	3	False
1765	4	21	63	0.01	10036.0	3	False
1766	4	21	63	0.01	11101.0	3	False
1767	4	21	63	0.01	11235.0	3	False
1768	4	21	63	0.03	10014.0	12	False
1769	4	21	63	0.03	10019.0	6	False
1770	4	21	63	0.03	10023.0	6	False
1771	4	21	63	0.03	10026.0	6	False
1772	4	21	63	0.03	10029.0	6	False
1773	4	21	63	0.03	10036.0	6	False
1774	4	21	63	0.03	11101.0	6	False
1775	4	21	63	0.03	11235.0	6	False
1776	4	22	62	0	10010.0	2	False
1777	4	22	62	0	10012.0	1	False
1778	4	22	62	0	10016.0	1	False
1779	4	22	62	0	10018.0	1	False
1780	4	22	62	0	10019.0	1	False
1781	4	22	62	0	10035.0	1	False
1782	4	22	62	0	11222.0	1	False
1783	4	23	60	0.02	10003.0	1	False
1784	4	23	60	0.02	10012.0	1	False
1785	4	23	60	0.02	10013.0	1	False
1786	4	23	60	0.02	10014.0	2	False
1787	4	23	60	0.02	10016.0	1	False
1788	4	23	60	0.02	10021.0	1	False
1789	4	23	60	0.02	10023.0	1	False
1790	4	23	60	0.02	11209.0	1	False
1791	4	23	60	0.02	11368.0	1	False
1792	5	0	57	0.02	10012.0	3	False
1793	5	0	57	0.02	10016.0	3	False
1794	5	0	57	0.07	10012.0	3	False
1795	5	0	57	0.07	10016.0	3	False
1796	5	0	57	0.08	10012.0	3	False
1797	5	0	57	0.08	10016.0	3	False
1798	5	1	57	0.1	10017.0	4	False
1799	5	1	57	0.1	11101.0	4	False
1800	5	1	57	0.1	11211.0	4	False
1801	5	1	57	0.1	11221.0	4	False
1802	5	1	57	0.16	10017.0	4	False
1803	5	1	57	0.16	11101.0	4	False
1804	5	1	57	0.16	11211.0	4	False
1805	5	1	57	0.16	11221.0	4	False
1806	5	1	57	0.25	10017.0	4	False
1807	5	1	57	0.25	11101.0	4	False
1808	5	1	57	0.25	11211.0	4	False
1809	5	1	57	0.25	11221.0	4	False
1810	5	1	57	0.41	10017.0	4	False
1811	5	1	57	0.41	11101.0	4	False
1812	5	1	57	0.41	11211.0	4	False
1813	5	1	57	0.41	11221.0	4	False
1814	5	2	56	0.06	10001.0	3	False
1815	5	2	56	0.06	10016.0	3	False
1816	5	2	56	0.06	10019.0	3	False
1817	5	2	56	0.06	10023.0	3	False
1818	5	2	56	0.1	10001.0	3	False
1819	5	2	56	0.1	10016.0	3	False
1820	5	2	56	0.1	10019.0	3	False
1821	5	2	56	0.1	10023.0	3	False
1822	5	2	57	0.1	10001.0	3	False
1823	5	2	57	0.1	10016.0	3	False
1824	5	2	57	0.1	10019.0	3	False
1825	5	2	57	0.1	10023.0	3	False
1826	5	3	56	0.04	11215.0	5	False
1827	5	3	57	0.01	11215.0	5	False
1828	5	3	57	0.06	11215.0	5	False
1829	5	3	57	0.09	11215.0	5	False
1830	5	3	57	0.2	11215.0	5	False
1831	5	4	57	0.06	10003.0	2	False
1832	5	4	57	0.06	10128.0	2	False
1833	5	4	57	0.1	10003.0	2	False
1834	5	4	57	0.1	10128.0	2	False
1835	5	6	57	0	10037.0	1	False
1836	5	7	57	0	10001.0	1	True
1837	5	7	57	0	10019.0	1	True
1838	5	8	57	0	10010.0	1	True
1839	5	8	57	0	11435.0	1	True
1840	5	10	57	0	10001.0	1	True
1841	5	10	57	0	10018.0	1	True
1842	5	11	58	0	10010.0	1	False
1843	5	12	59	0	10005.0	1	False
1844	5	12	59	0	10011.0	1	False
1845	5	12	59	0	10012.0	1	False
1846	5	12	59	0	11217.0	1	False
1847	5	13	60	0	10011.0	1	False
1848	5	13	60	0	11201.0	1	False
1849	5	14	64	0	10021.0	1	False
1850	5	14	64	0	11201.0	1	False
1851	5	15	65	0	10001.0	1	False
1852	5	15	65	0	10012.0	1	False
1853	5	15	65	0	10017.0	1	False
1854	5	15	65	0	10019.0	1	False
1855	5	16	69	0	10003.0	1	False
1856	5	16	69	0	11211.0	1	False
1857	5	17	69	0	10001.0	1	False
1858	5	17	69	0	10011.0	1	False
1859	5	17	69	0	10016.0	1	False
1860	5	17	69	0	10022.0	1	False
1861	5	17	69	0	10024.0	1	False
1862	5	18	69	0	10012.0	1	False
1863	5	18	69	0	10035.0	1	False
1864	5	18	69	0	10036.0	1	False
1865	5	19	66	0	10014.0	1	False
1866	5	19	66	0	10021.0	1	False
1867	5	20	60	0.1	10025.0	2	False
1868	5	20	60	0.1	10036.0	2	False
1869	5	20	62	0.02	10025.0	2	False
1870	5	20	62	0.02	10036.0	2	False
1871	5	21	60	0.02	10017.0	5	False
1872	5	21	60	0.02	10021.0	5	False
1873	5	21	60	0.02	10027.0	5	False
1874	5	21	60	0.05	10017.0	5	False
1875	5	21	60	0.05	10021.0	5	False
1876	5	21	60	0.05	10027.0	5	False
1877	5	21	60	0.17	10017.0	5	False
1878	5	21	60	0.17	10021.0	5	False
1879	5	21	60	0.17	10027.0	5	False
1880	5	21	60	0.2	10017.0	10	False
1881	5	21	60	0.2	10021.0	10	False
1882	5	21	60	0.2	10027.0	10	False
1883	5	22	60	0.01	10001.0	3	False
1884	5	22	60	0.01	10013.0	3	False
1885	5	22	60	0.01	10036.0	3	False
1886	5	22	60	0.02	10001.0	6	False
1887	5	22	60	0.02	10013.0	6	False
1888	5	22	60	0.02	10036.0	6	False
1889	5	23	59	0	10001.0	1	False
1890	5	23	59	0	10023.0	1	False
1891	5	23	59	0	10031.0	1	False
1892	6	0	58	0	10012.0	1	False
1893	6	0	58	0	11238.0	1	False
1894	6	1	59	0	10003.0	1	False
1895	6	1	59	0	10014.0	1	False
1896	6	1	59	0	10036.0	1	False
1897	6	2	58	0	10016.0	1	False
1898	6	2	58	0	10031.0	1	False
1899	6	2	58	0	11106.0	1	False
1900	6	6	57	0	10006.0	1	False
1901	6	6	57	0	10025.0	1	False
1902	6	9	55	0	10021.0	1	True
1903	6	9	55	0	10035.0	1	True
1904	6	11	58	0	10014.0	1	False
1905	6	11	58	0	10016.0	1	False
1906	6	12	62	0	10019.0	1	False
1907	6	12	62	0	10021.0	1	False
1908	6	12	62	0	10023.0	1	False
1909	6	12	62	0	11201.0	1	False
1910	6	13	66	0	10018.0	1	False
1911	6	13	66	0	10021.0	1	False
1912	6	13	66	0	10023.0	1	False
1913	6	13	66	0	11368.0	1	False
1914	6	15	74	0	10003.0	1	False
1915	6	15	74	0	10010.0	1	False
1916	6	15	74	0	10016.0	1	False
1917	6	15	74	0	11434.0	2	False
1918	6	16	77	0	10003.0	1	False
1919	6	16	77	0	10024.0	1	False
1920	6	16	77	0	10025.0	1	False
1921	6	16	77	0	11105.0	1	False
1922	6	16	77	0	11368.0	1	False
1923	6	16	77	0	11434.0	1	False
1924	6	17	78	0	10014.0	1	False
1925	6	18	80	0	10007.0	1	False
1926	6	18	80	0	10009.0	1	False
1927	6	18	80	0	10022.0	1	False
1928	6	18	80	0	11206.0	1	False
1929	6	19	79	0	10023.0	1	False
1930	6	20	79	0	10003.0	1	False
1931	6	20	79	0	10012.0	1	False
1932	6	20	79	0	10023.0	1	False
1933	6	20	79	0	11232.0	1	False
1934	6	21	78	0	10007.0	1	False
1935	6	21	78	0	10012.0	1	False
1936	6	21	78	0	10019.0	1	False
1937	6	21	78	0	11706.0	1	False
1938	6	22	75	0	10019.0	2	False
1939	6	23	74	0	10014.0	1	False
1940	6	23	74	0	10036.0	1	False
1941	0	0	70	0	10002.0	1	False
1942	0	0	70	0	10003.0	1	False
1943	0	0	70	0	10018.0	1	False
1944	0	1	70	0	10002.0	1	False
1945	0	2	69	0	10003.0	1	False
1946	0	2	69	0	10011.0	1	False
1947	0	3	69	0	10016.0	1	False
1948	0	5	69	0	10018.0	1	False
1949	0	7	66	0	10014.0	1	True
1950	0	8	68	0	10007.0	1	True
1951	0	9	67	0	10012.0	1	True
1952	0	10	67	0	10036.0	1	True
1953	0	10	67	0	11102.0	1	True
1954	0	11	68	0	10037.0	1	False
1955	0	12	69	0	10001.0	1	False
1956	0	13	73	0	10003.0	1	False
1957	0	14	79	0	10016.0	1	False
1958	0	14	79	0	10025.0	1	False
1959	0	14	79	0	11221.0	1	False
1960	0	14	79	0	11368.0	2	False
1961	0	15	81	0	10004.0	1	False
1962	0	16	84	0	10011.0	1	False
1963	0	16	84	0	11368.0	1	False
1964	0	17	85	0	10001.0	2	False
1965	0	17	85	0	10005.0	1	False
1966	0	17	85	0	10024.0	1	False
1967	0	18	85	0	10021.0	1	False
1968	0	19	85	0	10012.0	1	False
1969	0	19	85	0	10016.0	1	False
1970	0	19	85	0	10019.0	1	False
1971	0	19	85	0	10028.0	2	False
1972	0	19	85	0	10128.0	1	False
1973	0	19	85	0	11102.0	1	False
1974	0	19	85	0	11434.0	1	False
1975	0	20	84	0	10001.0	1	False
1976	0	20	84	0	10036.0	1	False
1977	0	20	84	0	11368.0	2	False
1978	0	21	84	0	10016.0	2	False
1979	0	21	84	0	10019.0	1	False
1980	0	21	84	0	11368.0	2	False
1981	0	22	83	0	10025.0	1	False
1982	0	22	83	0	11368.0	1	False
1983	0	23	80	0	10017.0	1	False
1984	1	0	80	0	10011.0	1	False
1985	1	1	79	0	10002.0	1	False
1986	1	5	76	0	10003.0	1	False
1987	1	5	76	0	10461.0	1	False
1988	1	6	74	0	10024.0	1	False
1989	1	7	73	0	10002.0	1	True
1990	1	7	73	0	10009.0	1	True
1991	1	7	73	0	10028.0	1	True
1992	1	8	72	0	10021.0	1	True
1993	1	8	72	0	10026.0	1	True
1994	1	8	72	0	10280.0	1	True
1995	1	9	71	0	10014.0	1	True
1996	1	9	71	0	10016.0	1	True
1997	1	9	71	0	10023.0	1	True
1998	1	11	74	0	10001.0	1	False
1999	1	11	74	0	10038.0	1	False
2000	1	12	75	0	10019.0	1	False
2001	1	12	75	0	10028.0	1	False
2002	1	13	78	0	10001.0	1	False
2003	1	13	78	0	10038.0	1	False
2004	1	14	83	0	10007.0	1	False
2005	1	14	83	0	10010.0	1	False
2006	1	14	83	0	10013.0	1	False
2007	1	14	83	0	10016.0	1	False
2008	1	14	83	0	10017.0	1	False
2009	1	14	83	0	10018.0	1	False
2010	1	14	83	0	10036.0	1	False
2011	1	15	82	0	10011.0	1	False
2012	1	15	82	0	10014.0	1	False
2013	1	15	82	0	10018.0	1	False
2014	1	15	82	0	10019.0	1	False
2015	1	15	82	0	11101.0	1	False
2016	1	16	81	0	10014.0	1	False
2017	1	16	81	0	10017.0	1	False
2018	1	16	81	0	10128.0	1	False
2019	1	17	85	0	10010.0	1	False
2020	1	17	85	0	10016.0	2	False
2021	1	17	85	0	10023.0	1	False
2022	1	18	81	0	10001.0	1	False
2023	1	18	81	0	10013.0	1	False
2024	1	18	81	0	10016.0	1	False
2025	1	18	81	0	10019.0	1	False
2026	1	18	81	0	10021.0	1	False
2027	1	19	83	0	10016.0	1	False
2028	1	19	83	0	10028.0	1	False
2029	1	19	83	0	10035.0	1	False
2030	1	20	85	0	10001.0	1	False
2031	1	20	85	0	10013.0	1	False
2032	1	20	85	0	10018.0	1	False
2033	1	20	85	0	10022.0	2	False
2034	1	21	83	0	10012.0	2	False
2035	1	21	83	0	10014.0	1	False
2036	1	23	80	0	10010.0	1	False
2037	1	23	80	0	10011.0	1	False
2038	1	23	80	0	10013.0	1	False
2039	1	23	80	0	10018.0	1	False
2040	1	23	80	0	10019.0	1	False
2041	2	0	78	0	11201.0	1	False
2042	2	1	77	0	10001.0	1	False
2043	2	4	64	0	10012.0	1	False
2044	2	4	64	0	11237.0	1	False
2045	2	5	62	0	10002.0	1	False
2046	2	5	62	0	10036.0	1	False
2047	2	6	62	0	10128.0	1	False
2048	2	7	61	0	10009.0	1	True
2049	2	7	61	0	10017.0	1	True
2050	2	7	61	0	10024.0	1	True
2051	2	7	61	0	10069.0	1	True
2052	2	8	60	0	10001.0	1	True
2053	2	8	60	0	10011.0	1	True
2054	2	8	60	0	10128.0	2	True
2055	2	9	59	0	10011.0	1	True
2056	2	9	59	0	10021.0	1	True
2057	2	9	59	0	10025.0	1	True
2058	2	10	58	0	10016.0	1	True
2059	2	10	58	0	10035.0	1	True
2060	2	11	57	0	10001.0	1	False
2061	2	11	57	0	10021.0	1	False
2062	2	11	57	0	11368.0	1	False
2063	2	12	57	0	10003.0	1	False
2064	2	12	57	0	10012.0	1	False
2065	2	12	57	0	10022.0	1	False
2066	2	13	56	0	10014.0	1	False
2067	2	13	56	0	10017.0	1	False
2068	2	13	56	0	10021.0	1	False
2069	2	13	56	0	11434.0	1	False
2070	2	14	56	0	10001.0	1	False
2071	2	14	56	0	10021.0	2	False
2072	2	15	56	0	10003.0	1	False
2073	2	15	56	0	10014.0	1	False
2074	2	15	56	0	10018.0	1	False
2075	2	15	56	0	10035.0	1	False
2076	2	16	57	0	10001.0	1	False
2077	2	16	57	0	10003.0	1	False
2078	2	16	57	0	11434.0	1	False
2079	2	17	58	0	10013.0	1	False
2080	2	17	58	0	10028.0	1	False
2081	2	17	58	0	10128.0	1	False
2082	2	17	58	0	11206.0	1	False
2083	2	18	60	0	10011.0	1	False
2084	2	18	60	0	10016.0	1	False
2085	2	18	60	0	10018.0	1	False
2086	2	18	60	0	10019.0	1	False
2087	2	18	60	0	10024.0	2	False
2088	2	18	60	0	10025.0	1	False
2089	2	19	60	0	10011.0	1	False
2090	2	19	60	0	10014.0	1	False
2091	2	19	60	0	10019.0	1	False
2092	2	19	60	0	10022.0	2	False
2093	2	19	60	0	10036.0	1	False
2094	2	19	60	0	10128.0	1	False
2095	2	20	58	0	10003.0	1	False
2096	2	20	58	0	10014.0	1	False
2097	2	20	58	0	10031.0	1	False
2098	2	20	58	0	10036.0	1	False
2099	2	21	58	0	10003.0	1	False
2100	2	21	58	0	10013.0	1	False
2101	2	21	58	0	10017.0	1	False
2102	2	21	58	0	10018.0	1	False
2103	2	22	57	0	10011.0	1	False
2104	2	22	57	0	10012.0	1	False
2105	2	22	57	0	10013.0	1	False
2106	2	22	57	0	10014.0	1	False
2107	2	22	57	0	10022.0	1	False
2108	2	22	57	0	10036.0	2	False
2109	2	22	57	0	11236.0	1	False
2110	2	23	56	0	10002.0	1	False
2111	2	23	56	0	10003.0	1	False
2112	2	23	56	0	10016.0	1	False
2113	2	23	56	0	11434.0	2	False
2114	3	0	56	0	10001.0	1	False
2115	3	0	56	0	10011.0	1	False
2116	3	1	55	0	10012.0	1	False
2117	3	1	55	0	10036.0	1	False
2118	3	4	54	0	10019.0	1	False
2119	3	5	53	0	10018.0	1	False
2120	3	6	53	0	10025.0	1	False
2121	3	6	53	0	10028.0	1	False
2122	3	6	53	0	11434.0	1	False
2123	3	7	53	0	10011.0	1	True
2124	3	7	53	0	10016.0	1	True
2125	3	7	53	0	10024.0	1	True
2126	3	7	53	0	10036.0	1	True
2127	3	8	53	0	10003.0	1	True
2128	3	8	53	0	10011.0	1	True
2129	3	9	53	0	10001.0	1	True
2130	3	9	53	0	10003.0	1	True
2131	3	9	53	0	10018.0	1	True
2132	3	9	53	0	10019.0	1	True
2133	3	10	52	0	10016.0	1	True
2134	3	10	52	0	11357.0	1	True
2135	3	11	53	0	10001.0	1	False
2136	3	11	53	0	10010.0	1	False
2137	3	11	53	0	10017.0	1	False
2138	3	11	53	0	10036.0	1	False
2139	3	12	53	0	10013.0	1	False
2140	3	12	53	0	10016.0	1	False
2141	3	12	53	0	10021.0	1	False
2142	3	12	53	0	10027.0	1	False
2143	3	12	53	0	11368.0	2	False
2144	3	13	54	0	10012.0	1	False
2145	3	13	54	0	11106.0	1	False
2146	3	13	54	0	11368.0	1	False
2147	3	14	56	0	10010.0	1	False
2148	3	14	56	0	10017.0	1	False
2149	3	14	56	0	10019.0	1	False
2150	3	14	56	0	10022.0	1	False
2151	3	14	56	0	11434.0	1	False
2152	3	15	60	0	10001.0	1	False
2153	3	15	60	0	10011.0	1	False
2154	3	16	63	0	10002.0	1	False
2155	3	16	63	0	10013.0	1	False
2156	3	16	63	0	10017.0	1	False
2157	3	16	63	0	10022.0	1	False
2158	3	16	63	0	11101.0	1	False
2159	3	17	64	0	10001.0	2	False
2160	3	17	64	0	10011.0	2	False
2161	3	17	64	0	10014.0	1	False
2162	3	17	64	0	10019.0	1	False
2163	3	17	64	0	10023.0	1	False
2164	3	18	63	0	10003.0	1	False
2165	3	18	63	0	10016.0	1	False
2166	3	18	63	0	10017.0	4	False
2167	3	18	63	0	10020.0	1	False
2168	3	18	63	0	10022.0	3	False
2169	3	18	63	0	10024.0	1	False
2170	3	19	62	0	10023.0	1	False
2171	3	19	62	0	11434.0	4	False
2172	3	20	60	0	10011.0	1	False
2173	3	20	60	0	10012.0	1	False
2174	3	20	60	0	10036.0	2	False
2175	3	20	60	0	10128.0	1	False
2176	3	21	59	0	10010.0	1	False
2177	3	21	59	0	10014.0	1	False
2178	3	21	59	0	10022.0	1	False
2179	3	21	59	0	11217.0	1	False
2180	3	22	58	0	10001.0	1	False
2181	3	22	58	0	10003.0	1	False
2182	3	22	58	0	10011.0	1	False
2183	3	22	58	0	10012.0	2	False
2184	3	22	58	0	10014.0	1	False
2185	3	22	58	0	10019.0	1	False
2186	3	22	58	0	10024.0	1	False
2187	3	22	58	0	10036.0	1	False
2188	3	23	57	0	10007.0	1	False
2189	3	23	57	0	10017.0	1	False
2190	3	23	57	0	10023.0	1	False
2191	4	0	57	0	10013.0	1	False
2192	4	0	57	0	10014.0	1	False
2193	4	0	57	0	10019.0	1	False
2194	4	0	57	0	10022.0	1	False
2195	4	0	57	0	10036.0	1	False
2196	4	2	57	0	10014.0	1	False
2197	4	3	57	0	10002.0	1	False
2198	4	3	57	0	10280.0	1	False
2199	4	4	57	0	10036.0	1	False
2200	4	5	57	0	10012.0	2	False
2201	4	5	57	0	10014.0	1	False
2202	4	6	57	0	10011.0	1	False
2203	4	7	57	0	10009.0	1	True
2204	4	7	57	0	10023.0	2	True
2205	4	7	57	0	11215.0	1	True
2206	4	8	57	0	10001.0	1	True
2207	4	8	57	0	10009.0	2	True
2208	4	8	57	0	10031.0	1	True
2209	4	9	55	0	10011.0	1	True
2210	4	9	55	0	10018.0	1	True
2211	4	10	57	0	10012.0	1	True
2212	4	10	57	0	10017.0	1	True
2213	4	10	57	0	10019.0	1	True
2214	4	10	57	0	10021.0	1	True
2215	4	10	57	0	10024.0	1	True
2216	4	10	57	0	10035.0	1	True
2217	4	10	57	0	11375.0	1	True
2218	4	11	59	0	10001.0	1	False
2219	4	11	59	0	10018.0	1	False
2220	4	11	59	0	10028.0	1	False
2221	4	11	59	0	11231.0	1	False
2222	4	12	61	0	10016.0	1	False
2223	4	12	61	0	10028.0	1	False
2224	4	12	61	0	11207.0	1	False
2225	4	12	61	0	11368.0	1	False
2226	4	13	63	0	10010.0	1	False
2227	4	13	63	0	10011.0	2	False
2228	4	13	63	0	10016.0	1	False
2229	4	13	63	0	10019.0	1	False
2230	4	13	63	0	10036.0	2	False
2231	4	13	63	0	11368.0	1	False
2232	4	14	67	0	10038.0	2	False
2233	4	15	71	0	10009.0	1	False
2234	4	15	71	0	10019.0	1	False
2235	4	16	70	0	10001.0	1	False
2236	4	16	70	0	10016.0	1	False
2237	4	16	70	0	10022.0	1	False
2238	4	16	70	0	10023.0	1	False
2239	4	16	70	0	11101.0	1	False
2240	4	17	72	0	10002.0	1	False
2241	4	17	72	0	10012.0	1	False
2242	4	17	72	0	10017.0	1	False
2243	4	17	72	0	10019.0	1	False
2244	4	17	72	0	10021.0	1	False
2245	4	17	72	0	10023.0	1	False
2246	4	17	72	0	10038.0	1	False
2247	4	19	74	0	10011.0	3	False
2248	4	19	74	0	10014.0	1	False
2249	4	19	74	0	10018.0	1	False
2250	4	19	74	0	10019.0	2	False
2251	4	19	74	0	10035.0	1	False
2252	4	19	74	0	11201.0	1	False
2253	4	19	74	0	11368.0	1	False
2254	4	20	74	0	10012.0	1	False
2255	4	20	74	0	10013.0	1	False
2256	4	20	74	0	10128.0	1	False
2257	4	21	73	0	10014.0	2	False
2258	4	21	73	0	10016.0	1	False
2259	4	21	73	0	10036.0	1	False
2260	4	22	71	0	10013.0	2	False
2261	4	22	71	0	10023.0	1	False
2262	4	22	71	0	10025.0	1	False
2263	4	23	67	0	10003.0	2	False
2264	4	23	67	0	10005.0	1	False
2265	4	23	67	0	10013.0	2	False
2266	4	23	67	0	10014.0	1	False
2267	4	23	67	0	10019.0	1	False
2268	4	23	67	0	10025.0	1	False
2269	4	23	67	0	10036.0	1	False
2270	5	0	65	0	10009.0	1	False
2271	5	0	65	0	10012.0	1	False
2272	5	0	65	0	11211.0	1	False
2273	5	1	65	0	10011.0	1	False
2274	5	1	65	0	10014.0	1	False
2275	5	1	65	0	11211.0	1	False
2276	5	2	64	0	10002.0	1	False
2277	5	2	64	0	10011.0	1	False
2278	5	3	62	0	10002.0	1	False
2279	5	3	62	0	10003.0	1	False
2280	5	3	62	0	10013.0	1	False
2281	5	3	62	0	11201.0	1	False
2282	5	4	61	0	10022.0	1	False
2283	5	4	61	0	11105.0	1	False
2284	5	6	59	0	11103.0	1	False
2285	5	6	59	0	11225.0	1	False
2286	5	7	58	0	10003.0	1	True
2287	5	8	58	0	10023.0	1	True
2288	5	8	58	0	10028.0	1	True
2289	5	9	59	0	10001.0	1	True
2290	5	9	59	0	10025.0	1	True
2291	5	9	59	0	10026.0	1	True
2292	5	10	60	0	10001.0	1	True
2293	5	10	60	0	10017.0	1	True
2294	5	10	60	0	10019.0	1	True
2295	5	10	60	0	10024.0	1	True
2296	5	11	62	0	10024.0	1	False
2297	5	12	64	0	10003.0	1	False
2298	5	12	64	0	10012.0	1	False
2299	5	12	64	0	10016.0	1	False
2300	5	12	64	0	10022.0	1	False
2301	5	13	66	0	10036.0	1	False
2302	5	13	66	0	10128.0	1	False
2303	5	14	67	0	11201.0	1	False
2304	5	15	71	0	10006.0	1	False
2305	5	15	71	0	10022.0	1	False
2306	5	15	71	0	10023.0	1	False
2307	5	16	71	0	10017.0	1	False
2308	5	16	71	0	10021.0	1	False
2309	5	16	71	0	10028.0	1	False
2310	5	17	69	0	10011.0	1	False
2311	5	17	69	0	10014.0	1	False
2312	5	17	69	0	10022.0	1	False
2313	5	17	69	0	10027.0	1	False
2314	5	17	69	0	10028.0	1	False
2315	5	17	69	0	10069.0	1	False
2316	5	17	69	0	10128.0	1	False
2317	5	18	69	0	10023.0	1	False
2318	5	18	69	0	11238.0	1	False
2319	5	19	67	0.01	10002.0	1	False
2320	5	19	67	0.01	10011.0	1	False
2321	5	19	67	0.01	10022.0	1	False
2322	5	20	61	0.02	10001.0	3	False
2323	5	20	61	0.02	10029.0	3	False
2324	5	20	61	0.04	10001.0	3	False
2325	5	20	61	0.04	10029.0	3	False
2326	5	20	65	0.04	10001.0	3	False
2327	5	20	65	0.04	10029.0	3	False
2328	5	21	68	0	10001.0	1	False
2329	5	21	68	0	10009.0	1	False
2330	5	21	68	0	10012.0	1	False
2331	5	21	68	0	11216.0	1	False
2332	5	21	68	0	11217.0	1	False
2333	5	22	68	0	10011.0	1	False
2334	5	22	68	0	10019.0	1	False
2335	5	22	68	0	10023.0	1	False
2336	5	22	68	0	10128.0	1	False
2337	5	22	68	0	11206.0	1	False
2338	5	22	68	0	11211.0	1	False
2339	5	23	63	0	10011.0	1	False
2340	5	23	63	0	10014.0	1	False
2341	5	23	63	0	10024.0	1	False
2342	5	23	63	0	11238.0	1	False
